ip.src,ip.dst,ip.len,ip.flags.df,ip.flags.mf,ip.fragment,ip.fragment.count,ip.fragments,ip.ttl,ip.proto,tcp.window_size,tcp.ack,tcp.seq,tcp.len,tcp.stream,tcp.urgent_pointer,tcp.flags,tcp.analysis.ack_rtt,tcp.segments,tcp.reassembled.length,http.request,udp.port,frame.time_relative,frame.time_delta,tcp.time_relative,tcp.time_delta,label
0,0,0.0,0.0,0.0,0.0,0.0,0.0,0.0,0.0,0.0,0.0,0.0,0.0,0.0,0.0,0.0,0.0,0.0,0.0,0.0,0.0,0.0,0.0,0.0,0.0,Normal_Traffic
0,0,0.0,0.0,0.0,0.0,0.0,0.0,0.0,0.0,0.0,0.0,0.0,0.0,0.0,0.0,0.0,0.0,0.0,0.0,0.0,0.0,0.004538,0.004538,0.0,0.0,Normal_Traffic
0,0,0.0,0.0,0.0,0.0,0.0,0.0,0.0,0.0,0.0,0.0,0.0,0.0,0.0,0.0,0.0,0.0,0.0,0.0,0.0,0.0,0.525547,0.521009,0.0,0.0,Normal_Traffic
0,0,0.0,0.0,0.0,0.0,0.0,0.0,0.0,0.0,0.0,0.0,0.0,0.0,0.0,0.0,0.0,0.0,0.0,0.0,0.0,0.0,2.660849,2.135302,0.0,0.0,Normal_Traffic
0,0,0.0,0.0,0.0,0.0,0.0,0.0,0.0,0.0,0.0,0.0,0.0,0.0,0.0,0.0,0.0,0.0,0.0,0.0,0.0,0.0,4.805137,2.144288,0.0,0.0,Normal_Traffic
0,0,0.0,0.0,0.0,0.0,0.0,0.0,0.0,0.0,0.0,0.0,0.0,0.0,0.0,0.0,0.0,0.0,0.0,0.0,0.0,0.0,6.902218,2.097081,0.0,0.0,Normal_Traffic
0,0,0.0,0.0,0.0,0.0,0.0,0.0,0.0,0.0,0.0,0.0,0.0,0.0,0.0,0.0,0.0,0.0,0.0,0.0,0.0,0.0,9.104983,2.202765,0.0,0.0,Normal_Traffic
0,0,0.0,0.0,0.0,0.0,0.0,0.0,0.0,0.0,0.0,0.0,0.0,0.0,0.0,0.0,0.0,0.0,0.0,0.0,0.0,0.0,11.392258,2.287275,0.0,0.0,Normal_Traffic
3232235778,3232235777,84.0,1.0,0.0,0.0,0.0,0.0,64.0,1.0,0.0,0.0,0.0,0.0,0.0,0.0,0.0,0.0,0.0,0.0,0.0,0.0,14.36941,2.977152,0.0,0.0,Normal_Traffic
3232235777,3232235778,84.0,1.0,0.0,0.0,0.0,0.0,255.0,1.0,0.0,0.0,0.0,0.0,0.0,0.0,0.0,0.0,0.0,0.0,0.0,0.0,14.383519,0.014109,0.0,0.0,Normal_Traffic
0,0,0.0,0.0,0.0,0.0,0.0,0.0,0.0,0.0,0.0,0.0,0.0,0.0,0.0,0.0,0.0,0.0,0.0,0.0,0.0,0.0,14.408244,0.024725,0.0,0.0,Normal_Traffic
3232235778,3232235777,84.0,1.0,0.0,0.0,0.0,0.0,64.0,1.0,0.0,0.0,0.0,0.0,0.0,0.0,0.0,0.0,0.0,0.0,0.0,0.0,16.367747,1.959503,0.0,0.0,Normal_Traffic
3232235777,3232235778,84.0,1.0,0.0,0.0,0.0,0.0,255.0,1.0,0.0,0.0,0.0,0.0,0.0,0.0,0.0,0.0,0.0,0.0,0.0,0.0,16.38067,0.012923,0.0,0.0,Normal_Traffic
3232235778,3232235779,84.0,1.0,0.0,0.0,0.0,0.0,64.0,1.0,0.0,0.0,0.0,0.0,0.0,0.0,0.0,0.0,0.0,0.0,0.0,0.0,16.382085,0.001415,0.0,0.0,Normal_Traffic
0,0,0.0,0.0,0.0,0.0,0.0,0.0,0.0,0.0,0.0,0.0,0.0,0.0,0.0,0.0,0.0,0.0,0.0,0.0,0.0,0.0,16.392022,0.009937,0.0,0.0,Normal_Traffic
0,0,0.0,0.0,0.0,0.0,0.0,0.0,0.0,0.0,0.0,0.0,0.0,0.0,0.0,0.0,0.0,0.0,0.0,0.0,0.0,0.0,16.392334,0.000312,0.0,0.0,Normal_Traffic
3232235779,3232235778,84.0,0.0,0.0,0.0,0.0,0.0,128.0,1.0,0.0,0.0,0.0,0.0,0.0,0.0,0.0,0.0,0.0,0.0,0.0,0.0,16.411826,0.019492,0.0,0.0,Normal_Traffic
0,0,0.0,0.0,0.0,0.0,0.0,0.0,0.0,0.0,0.0,0.0,0.0,0.0,0.0,0.0,0.0,0.0,0.0,0.0,0.0,0.0,16.581075,0.169249,0.0,0.0,Normal_Traffic
3232235778,3232235779,84.0,1.0,0.0,0.0,0.0,0.0,64.0,1.0,0.0,0.0,0.0,0.0,0.0,0.0,0.0,0.0,0.0,0.0,0.0,0.0,18.386086,1.805011,0.0,0.0,Normal_Traffic
3232235779,3232235778,84.0,0.0,0.0,0.0,0.0,0.0,128.0,1.0,0.0,0.0,0.0,0.0,0.0,0.0,0.0,0.0,0.0,0.0,0.0,0.0,18.39449,0.008404,0.0,0.0,Normal_Traffic
3232235778,3232235780,84.0,1.0,0.0,0.0,0.0,0.0,64.0,1.0,0.0,0.0,0.0,0.0,0.0,0.0,0.0,0.0,0.0,0.0,0.0,0.0,18.400726,0.006236,0.0,0.0,Normal_Traffic
3232235780,3232235778,84.0,0.0,0.0,0.0,0.0,0.0,64.0,1.0,0.0,0.0,0.0,0.0,0.0,0.0,0.0,0.0,0.0,0.0,0.0,0.0,18.416714,0.015988,0.0,0.0,Normal_Traffic
0,0,0.0,0.0,0.0,0.0,0.0,0.0,0.0,0.0,0.0,0.0,0.0,0.0,0.0,0.0,0.0,0.0,0.0,0.0,0.0,0.0,18.805864,0.38915,0.0,0.0,Normal_Traffic
3232235781,3232236031,229.0,0.0,0.0,0.0,0.0,0.0,128.0,17.0,0.0,0.0,0.0,0.0,0.0,0.0,0.0,0.0,0.0,0.0,0.0,138.0,19.694793,0.888929,0.0,0.0,Normal_Traffic
3232235778,3232235780,84.0,1.0,0.0,0.0,0.0,0.0,64.0,1.0,0.0,0.0,0.0,0.0,0.0,0.0,0.0,0.0,0.0,0.0,0.0,0.0,20.402307,0.707514,0.0,0.0,Normal_Traffic
3232235780,3232235778,84.0,0.0,0.0,0.0,0.0,0.0,64.0,1.0,0.0,0.0,0.0,0.0,0.0,0.0,0.0,0.0,0.0,0.0,0.0,0.0,20.423112,0.020805,0.0,0.0,Normal_Traffic
3232235778,3232235782,84.0,1.0,0.0,0.0,0.0,0.0,64.0,1.0,0.0,0.0,0.0,0.0,0.0,0.0,0.0,0.0,0.0,0.0,0.0,0.0,20.431502,0.00839,0.0,0.0,Normal_Traffic
3232235782,3232235778,84.0,0.0,0.0,0.0,0.0,0.0,64.0,1.0,0.0,0.0,0.0,0.0,0.0,0.0,0.0,0.0,0.0,0.0,0.0,0.0,20.45018,0.018678,0.0,0.0,Normal_Traffic
0,0,0.0,0.0,0.0,0.0,0.0,0.0,0.0,0.0,0.0,0.0,0.0,0.0,0.0,0.0,0.0,0.0,0.0,0.0,0.0,0.0,21.015648,0.565468,0.0,0.0,Normal_Traffic
3232235778,3232235782,84.0,1.0,0.0,0.0,0.0,0.0,64.0,1.0,0.0,0.0,0.0,0.0,0.0,0.0,0.0,0.0,0.0,0.0,0.0,0.0,22.430964,1.415316,0.0,0.0,Normal_Traffic
3232235782,3232235778,84.0,0.0,0.0,0.0,0.0,0.0,64.0,1.0,0.0,0.0,0.0,0.0,0.0,0.0,0.0,0.0,0.0,0.0,0.0,0.0,22.443112,0.012148,0.0,0.0,Normal_Traffic
3232235778,3232235781,84.0,1.0,0.0,0.0,0.0,0.0,64.0,1.0,0.0,0.0,0.0,0.0,0.0,0.0,0.0,0.0,0.0,0.0,0.0,0.0,22.444364,0.001252,0.0,0.0,Normal_Traffic
3232235781,3232235778,84.0,0.0,0.0,0.0,0.0,0.0,128.0,1.0,0.0,0.0,0.0,0.0,0.0,0.0,0.0,0.0,0.0,0.0,0.0,0.0,22.448654,0.00429,0.0,0.0,Normal_Traffic
0,0,0.0,0.0,0.0,0.0,0.0,0.0,0.0,0.0,0.0,0.0,0.0,0.0,0.0,0.0,0.0,0.0,0.0,0.0,0.0,0.0,23.211361,0.762707,0.0,0.0,Normal_Traffic
0,0,0.0,0.0,0.0,0.0,0.0,0.0,0.0,0.0,0.0,0.0,0.0,0.0,0.0,0.0,0.0,0.0,0.0,0.0,0.0,0.0,23.383587,0.172226,0.0,0.0,Normal_Traffic
0,0,0.0,0.0,0.0,0.0,0.0,0.0,0.0,0.0,0.0,0.0,0.0,0.0,0.0,0.0,0.0,0.0,0.0,0.0,0.0,0.0,23.393361,0.009774,0.0,0.0,Normal_Traffic
0,0,0.0,0.0,0.0,0.0,0.0,0.0,0.0,0.0,0.0,0.0,0.0,0.0,0.0,0.0,0.0,0.0,0.0,0.0,0.0,0.0,23.464149,0.070788,0.0,0.0,Normal_Traffic
0,0,0.0,0.0,0.0,0.0,0.0,0.0,0.0,0.0,0.0,0.0,0.0,0.0,0.0,0.0,0.0,0.0,0.0,0.0,0.0,0.0,23.525515,0.061366,0.0,0.0,Normal_Traffic
0,0,0.0,0.0,0.0,0.0,0.0,0.0,0.0,0.0,0.0,0.0,0.0,0.0,0.0,0.0,0.0,0.0,0.0,0.0,0.0,0.0,23.525884,0.000369,0.0,0.0,Normal_Traffic
3232235778,3232235781,84.0,1.0,0.0,0.0,0.0,0.0,64.0,1.0,0.0,0.0,0.0,0.0,0.0,0.0,0.0,0.0,0.0,0.0,0.0,0.0,24.445817,0.919933,0.0,0.0,Normal_Traffic
3232235781,3232235778,84.0,0.0,0.0,0.0,0.0,0.0,128.0,1.0,0.0,0.0,0.0,0.0,0.0,0.0,0.0,0.0,0.0,0.0,0.0,0.0,24.452365,0.006548,0.0,0.0,Normal_Traffic
3232235778,3232235779,84.0,1.0,0.0,0.0,0.0,0.0,64.0,1.0,0.0,0.0,0.0,0.0,0.0,0.0,0.0,0.0,0.0,0.0,0.0,0.0,24.461522,0.009157,0.0,0.0,Normal_Traffic
3232235779,3232235778,84.0,0.0,0.0,0.0,0.0,0.0,128.0,1.0,0.0,0.0,0.0,0.0,0.0,0.0,0.0,0.0,0.0,0.0,0.0,0.0,24.470495,0.008973,0.0,0.0,Normal_Traffic
0,0,0.0,0.0,0.0,0.0,0.0,0.0,0.0,0.0,0.0,0.0,0.0,0.0,0.0,0.0,0.0,0.0,0.0,0.0,0.0,0.0,25.3987,0.928205,0.0,0.0,Normal_Traffic
0,0,0.0,0.0,0.0,0.0,0.0,0.0,0.0,0.0,0.0,0.0,0.0,0.0,0.0,0.0,0.0,0.0,0.0,0.0,0.0,0.0,25.442418,0.043718,0.0,0.0,Normal_Traffic
0,0,0.0,0.0,0.0,0.0,0.0,0.0,0.0,0.0,0.0,0.0,0.0,0.0,0.0,0.0,0.0,0.0,0.0,0.0,0.0,0.0,25.442963,0.000545,0.0,0.0,Normal_Traffic
3232235779,3232236031,229.0,0.0,0.0,0.0,0.0,0.0,128.0,17.0,0.0,0.0,0.0,0.0,0.0,0.0,0.0,0.0,0.0,0.0,0.0,138.0,25.92214,0.479177,0.0,0.0,Normal_Traffic
3232235778,3232235779,84.0,1.0,0.0,0.0,0.0,0.0,64.0,1.0,0.0,0.0,0.0,0.0,0.0,0.0,0.0,0.0,0.0,0.0,0.0,0.0,26.46166,0.53952,0.0,0.0,Normal_Traffic
3232235779,3232235778,84.0,0.0,0.0,0.0,0.0,0.0,128.0,1.0,0.0,0.0,0.0,0.0,0.0,0.0,0.0,0.0,0.0,0.0,0.0,0.0,26.464124,0.002464,0.0,0.0,Normal_Traffic
3232235778,3232235781,84.0,1.0,0.0,0.0,0.0,0.0,64.0,1.0,0.0,0.0,0.0,0.0,0.0,0.0,0.0,0.0,0.0,0.0,0.0,0.0,26.465473,0.001349,0.0,0.0,Normal_Traffic
3232235781,3232235778,84.0,0.0,0.0,0.0,0.0,0.0,128.0,1.0,0.0,0.0,0.0,0.0,0.0,0.0,0.0,0.0,0.0,0.0,0.0,0.0,26.4746,0.009127,0.0,0.0,Normal_Traffic
0,0,0.0,0.0,0.0,0.0,0.0,0.0,0.0,0.0,0.0,0.0,0.0,0.0,0.0,0.0,0.0,0.0,0.0,0.0,0.0,0.0,27.128912,0.654312,0.0,0.0,Normal_Traffic
0,0,0.0,0.0,0.0,0.0,0.0,0.0,0.0,0.0,0.0,0.0,0.0,0.0,0.0,0.0,0.0,0.0,0.0,0.0,0.0,0.0,27.129296,0.000384,0.0,0.0,Normal_Traffic
0,0,0.0,0.0,0.0,0.0,0.0,0.0,0.0,0.0,0.0,0.0,0.0,0.0,0.0,0.0,0.0,0.0,0.0,0.0,0.0,0.0,27.590188,0.460892,0.0,0.0,Normal_Traffic
3232235778,3232235781,84.0,1.0,0.0,0.0,0.0,0.0,64.0,1.0,0.0,0.0,0.0,0.0,0.0,0.0,0.0,0.0,0.0,0.0,0.0,0.0,28.465835,0.875647,0.0,0.0,Normal_Traffic
3232235781,3232235778,84.0,0.0,0.0,0.0,0.0,0.0,128.0,1.0,0.0,0.0,0.0,0.0,0.0,0.0,0.0,0.0,0.0,0.0,0.0,0.0,28.477266,0.011431,0.0,0.0,Normal_Traffic
3232235778,3232235777,84.0,1.0,0.0,0.0,0.0,0.0,64.0,1.0,0.0,0.0,0.0,0.0,0.0,0.0,0.0,0.0,0.0,0.0,0.0,0.0,28.478846,0.00158,0.0,0.0,Normal_Traffic
3232235777,3232235778,84.0,1.0,0.0,0.0,0.0,0.0,255.0,1.0,0.0,0.0,0.0,0.0,0.0,0.0,0.0,0.0,0.0,0.0,0.0,0.0,28.497183,0.018337,0.0,0.0,Normal_Traffic
0,0,0.0,0.0,0.0,0.0,0.0,0.0,0.0,0.0,0.0,0.0,0.0,0.0,0.0,0.0,0.0,0.0,0.0,0.0,0.0,0.0,29.740014,1.242831,0.0,0.0,Normal_Traffic
3232235778,3232235777,84.0,1.0,0.0,0.0,0.0,0.0,64.0,1.0,0.0,0.0,0.0,0.0,0.0,0.0,0.0,0.0,0.0,0.0,0.0,0.0,30.478714,0.7387,0.0,0.0,Normal_Traffic
3232235777,3232235778,84.0,1.0,0.0,0.0,0.0,0.0,255.0,1.0,0.0,0.0,0.0,0.0,0.0,0.0,0.0,0.0,0.0,0.0,0.0,0.0,30.496987,0.018273,0.0,0.0,Normal_Traffic
3232235778,3232235780,84.0,1.0,0.0,0.0,0.0,0.0,64.0,1.0,0.0,0.0,0.0,0.0,0.0,0.0,0.0,0.0,0.0,0.0,0.0,0.0,30.500533,0.003546,0.0,0.0,Normal_Traffic
3232235780,3232235778,84.0,0.0,0.0,0.0,0.0,0.0,64.0,1.0,0.0,0.0,0.0,0.0,0.0,0.0,0.0,0.0,0.0,0.0,0.0,0.0,30.52274,0.022207,0.0,0.0,Normal_Traffic
0,0,0.0,0.0,0.0,0.0,0.0,0.0,0.0,0.0,0.0,0.0,0.0,0.0,0.0,0.0,0.0,0.0,0.0,0.0,0.0,0.0,31.934962,1.412222,0.0,0.0,Normal_Traffic
3232235778,3232235780,84.0,1.0,0.0,0.0,0.0,0.0,64.0,1.0,0.0,0.0,0.0,0.0,0.0,0.0,0.0,0.0,0.0,0.0,0.0,0.0,32.501774,0.566812,0.0,0.0,Normal_Traffic
3232235780,3232235778,84.0,0.0,0.0,0.0,0.0,0.0,64.0,1.0,0.0,0.0,0.0,0.0,0.0,0.0,0.0,0.0,0.0,0.0,0.0,0.0,32.511229,0.009455,0.0,0.0,Normal_Traffic
3232235778,3232235782,84.0,1.0,0.0,0.0,0.0,0.0,64.0,1.0,0.0,0.0,0.0,0.0,0.0,0.0,0.0,0.0,0.0,0.0,0.0,0.0,32.512729,0.0015,0.0,0.0,Normal_Traffic
3232235782,3232235778,84.0,0.0,0.0,0.0,0.0,0.0,64.0,1.0,0.0,0.0,0.0,0.0,0.0,0.0,0.0,0.0,0.0,0.0,0.0,0.0,32.53093,0.018201,0.0,0.0,Normal_Traffic
0,0,0.0,0.0,0.0,0.0,0.0,0.0,0.0,0.0,0.0,0.0,0.0,0.0,0.0,0.0,0.0,0.0,0.0,0.0,0.0,0.0,32.903664,0.372734,0.0,0.0,Normal_Traffic
0,0,0.0,0.0,0.0,0.0,0.0,0.0,0.0,0.0,0.0,0.0,0.0,0.0,0.0,0.0,0.0,0.0,0.0,0.0,0.0,0.0,32.91484,0.011176,0.0,0.0,Normal_Traffic
0,0,0.0,0.0,0.0,0.0,0.0,0.0,0.0,0.0,0.0,0.0,0.0,0.0,0.0,0.0,0.0,0.0,0.0,0.0,0.0,0.0,33.467367,0.552527,0.0,0.0,Normal_Traffic
0,0,0.0,0.0,0.0,0.0,0.0,0.0,0.0,0.0,0.0,0.0,0.0,0.0,0.0,0.0,0.0,0.0,0.0,0.0,0.0,0.0,33.472732,0.005365,0.0,0.0,Normal_Traffic
0,0,0.0,0.0,0.0,0.0,0.0,0.0,0.0,0.0,0.0,0.0,0.0,0.0,0.0,0.0,0.0,0.0,0.0,0.0,0.0,0.0,34.164544,0.691812,0.0,0.0,Normal_Traffic
3232235778,3232235782,84.0,1.0,0.0,0.0,0.0,0.0,64.0,1.0,0.0,0.0,0.0,0.0,0.0,0.0,0.0,0.0,0.0,0.0,0.0,0.0,34.513608,0.349064,0.0,0.0,Normal_Traffic
3232235782,3232235778,84.0,0.0,0.0,0.0,0.0,0.0,64.0,1.0,0.0,0.0,0.0,0.0,0.0,0.0,0.0,0.0,0.0,0.0,0.0,0.0,34.523879,0.010271,0.0,0.0,Normal_Traffic
0,0,0.0,0.0,0.0,0.0,0.0,0.0,0.0,0.0,0.0,0.0,0.0,0.0,0.0,0.0,0.0,0.0,0.0,0.0,0.0,0.0,36.316866,1.792987,0.0,0.0,Normal_Traffic
0,0,0.0,0.0,0.0,0.0,0.0,0.0,0.0,0.0,0.0,0.0,0.0,0.0,0.0,0.0,0.0,0.0,0.0,0.0,0.0,0.0,38.458706,2.14184,0.0,0.0,Normal_Traffic
3232235778,3232235782,84.0,1.0,0.0,0.0,0.0,0.0,64.0,1.0,0.0,0.0,0.0,0.0,0.0,0.0,0.0,0.0,0.0,0.0,0.0,0.0,38.547833,0.089127,0.0,0.0,Normal_Traffic
3232235782,3232235778,84.0,0.0,0.0,0.0,0.0,0.0,64.0,1.0,0.0,0.0,0.0,0.0,0.0,0.0,0.0,0.0,0.0,0.0,0.0,0.0,38.564396,0.016563,0.0,0.0,Normal_Traffic
3232235778,3232235782,84.0,1.0,0.0,0.0,0.0,0.0,64.0,1.0,0.0,0.0,0.0,0.0,0.0,0.0,0.0,0.0,0.0,0.0,0.0,0.0,40.549628,1.985232,0.0,0.0,Normal_Traffic
3232235782,3232235778,84.0,0.0,0.0,0.0,0.0,0.0,64.0,1.0,0.0,0.0,0.0,0.0,0.0,0.0,0.0,0.0,0.0,0.0,0.0,0.0,40.562324,0.012696,0.0,0.0,Normal_Traffic
3232235778,3232235779,84.0,1.0,0.0,0.0,0.0,0.0,64.0,1.0,0.0,0.0,0.0,0.0,0.0,0.0,0.0,0.0,0.0,0.0,0.0,0.0,40.564061,0.001737,0.0,0.0,Normal_Traffic
3232235779,3232235778,84.0,0.0,0.0,0.0,0.0,0.0,128.0,1.0,0.0,0.0,0.0,0.0,0.0,0.0,0.0,0.0,0.0,0.0,0.0,0.0,40.567526,0.003465,0.0,0.0,Normal_Traffic
0,0,0.0,0.0,0.0,0.0,0.0,0.0,0.0,0.0,0.0,0.0,0.0,0.0,0.0,0.0,0.0,0.0,0.0,0.0,0.0,0.0,40.642949,0.075423,0.0,0.0,Normal_Traffic
3232235778,3232235779,84.0,1.0,0.0,0.0,0.0,0.0,64.0,1.0,0.0,0.0,0.0,0.0,0.0,0.0,0.0,0.0,0.0,0.0,0.0,0.0,42.564025,1.921076,0.0,0.0,Normal_Traffic
3232235779,3232235778,84.0,0.0,0.0,0.0,0.0,0.0,128.0,1.0,0.0,0.0,0.0,0.0,0.0,0.0,0.0,0.0,0.0,0.0,0.0,0.0,42.569754,0.005729,0.0,0.0,Normal_Traffic
3232235778,3232235780,84.0,1.0,0.0,0.0,0.0,0.0,64.0,1.0,0.0,0.0,0.0,0.0,0.0,0.0,0.0,0.0,0.0,0.0,0.0,0.0,42.581458,0.011704,0.0,0.0,Normal_Traffic
3232235780,3232235778,84.0,0.0,0.0,0.0,0.0,0.0,64.0,1.0,0.0,0.0,0.0,0.0,0.0,0.0,0.0,0.0,0.0,0.0,0.0,0.0,42.602305,0.020847,0.0,0.0,Normal_Traffic
0,0,0.0,0.0,0.0,0.0,0.0,0.0,0.0,0.0,0.0,0.0,0.0,0.0,0.0,0.0,0.0,0.0,0.0,0.0,0.0,0.0,42.852987,0.250682,0.0,0.0,Normal_Traffic
3232235778,3232235780,84.0,1.0,0.0,0.0,0.0,0.0,64.0,1.0,0.0,0.0,0.0,0.0,0.0,0.0,0.0,0.0,0.0,0.0,0.0,0.0,44.583088,1.730101,0.0,0.0,Normal_Traffic
3232235780,3232235778,84.0,0.0,0.0,0.0,0.0,0.0,64.0,1.0,0.0,0.0,0.0,0.0,0.0,0.0,0.0,0.0,0.0,0.0,0.0,0.0,44.59729,0.014202,0.0,0.0,Normal_Traffic
3232235778,3232235777,84.0,1.0,0.0,0.0,0.0,0.0,64.0,1.0,0.0,0.0,0.0,0.0,0.0,0.0,0.0,0.0,0.0,0.0,0.0,0.0,44.598838,0.001548,0.0,0.0,Normal_Traffic
3232235777,3232235778,84.0,1.0,0.0,0.0,0.0,0.0,255.0,1.0,0.0,0.0,0.0,0.0,0.0,0.0,0.0,0.0,0.0,0.0,0.0,0.0,44.622248,0.02341,0.0,0.0,Normal_Traffic
0,0,0.0,0.0,0.0,0.0,0.0,0.0,0.0,0.0,0.0,0.0,0.0,0.0,0.0,0.0,0.0,0.0,0.0,0.0,0.0,0.0,44.990916,0.368668,0.0,0.0,Normal_Traffic
3232235778,3232235777,84.0,1.0,0.0,0.0,0.0,0.0,64.0,1.0,0.0,0.0,0.0,0.0,0.0,0.0,0.0,0.0,0.0,0.0,0.0,0.0,46.600329,1.609413,0.0,0.0,Normal_Traffic
3232235777,3232235778,84.0,1.0,0.0,0.0,0.0,0.0,255.0,1.0,0.0,0.0,0.0,0.0,0.0,0.0,0.0,0.0,0.0,0.0,0.0,0.0,46.620259,0.01993,0.0,0.0,Normal_Traffic
3232235778,3232235781,84.0,1.0,0.0,0.0,0.0,0.0,64.0,1.0,0.0,0.0,0.0,0.0,0.0,0.0,0.0,0.0,0.0,0.0,0.0,0.0,46.622483,0.002224,0.0,0.0,Normal_Traffic
3232235781,3232235778,84.0,0.0,0.0,0.0,0.0,0.0,128.0,1.0,0.0,0.0,0.0,0.0,0.0,0.0,0.0,0.0,0.0,0.0,0.0,0.0,46.628455,0.005972,0.0,0.0,Normal_Traffic
0,0,0.0,0.0,0.0,0.0,0.0,0.0,0.0,0.0,0.0,0.0,0.0,0.0,0.0,0.0,0.0,0.0,0.0,0.0,0.0,0.0,47.153609,0.525154,0.0,0.0,Normal_Traffic
3232235778,3232235781,84.0,1.0,0.0,0.0,0.0,0.0,64.0,1.0,0.0,0.0,0.0,0.0,0.0,0.0,0.0,0.0,0.0,0.0,0.0,0.0,48.62304,1.469431,0.0,0.0,Normal_Traffic
3232235781,3232235778,84.0,0.0,0.0,0.0,0.0,0.0,128.0,1.0,0.0,0.0,0.0,0.0,0.0,0.0,0.0,0.0,0.0,0.0,0.0,0.0,48.635631,0.012591,0.0,0.0,Normal_Traffic
3232235778,3232235781,84.0,1.0,0.0,0.0,0.0,0.0,64.0,1.0,0.0,0.0,0.0,0.0,0.0,0.0,0.0,0.0,0.0,0.0,0.0,0.0,48.655504,0.019873,0.0,0.0,Normal_Traffic
3232235781,3232235778,84.0,0.0,0.0,0.0,0.0,0.0,128.0,1.0,0.0,0.0,0.0,0.0,0.0,0.0,0.0,0.0,0.0,0.0,0.0,0.0,48.663956,0.008452,0.0,0.0,Normal_Traffic
0,0,0.0,0.0,0.0,0.0,0.0,0.0,0.0,0.0,0.0,0.0,0.0,0.0,0.0,0.0,0.0,0.0,0.0,0.0,0.0,0.0,49.288059,0.624103,0.0,0.0,Normal_Traffic
3232235778,3232235781,84.0,1.0,0.0,0.0,0.0,0.0,64.0,1.0,0.0,0.0,0.0,0.0,0.0,0.0,0.0,0.0,0.0,0.0,0.0,0.0,50.656487,1.368428,0.0,0.0,Normal_Traffic
3232235781,3232235778,84.0,0.0,0.0,0.0,0.0,0.0,128.0,1.0,0.0,0.0,0.0,0.0,0.0,0.0,0.0,0.0,0.0,0.0,0.0,0.0,50.660114,0.003627,0.0,0.0,Normal_Traffic
3232235778,3232235782,84.0,1.0,0.0,0.0,0.0,0.0,64.0,1.0,0.0,0.0,0.0,0.0,0.0,0.0,0.0,0.0,0.0,0.0,0.0,0.0,50.662405,0.002291,0.0,0.0,Normal_Traffic
3232235782,3232235778,84.0,0.0,0.0,0.0,0.0,0.0,64.0,1.0,0.0,0.0,0.0,0.0,0.0,0.0,0.0,0.0,0.0,0.0,0.0,0.0,50.686945,0.02454,0.0,0.0,Normal_Traffic
0,0,0.0,0.0,0.0,0.0,0.0,0.0,0.0,0.0,0.0,0.0,0.0,0.0,0.0,0.0,0.0,0.0,0.0,0.0,0.0,0.0,51.418134,0.731189,0.0,0.0,Normal_Traffic
3232235778,3232235782,84.0,1.0,0.0,0.0,0.0,0.0,64.0,1.0,0.0,0.0,0.0,0.0,0.0,0.0,0.0,0.0,0.0,0.0,0.0,0.0,52.662938,1.244804,0.0,0.0,Normal_Traffic
3232235782,3232235778,84.0,0.0,0.0,0.0,0.0,0.0,64.0,1.0,0.0,0.0,0.0,0.0,0.0,0.0,0.0,0.0,0.0,0.0,0.0,0.0,52.672141,0.009203,0.0,0.0,Normal_Traffic
3232235778,3232235777,84.0,1.0,0.0,0.0,0.0,0.0,64.0,1.0,0.0,0.0,0.0,0.0,0.0,0.0,0.0,0.0,0.0,0.0,0.0,0.0,52.673681,0.00154,0.0,0.0,Normal_Traffic
3232235777,3232235778,84.0,1.0,0.0,0.0,0.0,0.0,255.0,1.0,0.0,0.0,0.0,0.0,0.0,0.0,0.0,0.0,0.0,0.0,0.0,0.0,52.687742,0.014061,0.0,0.0,Normal_Traffic
0,0,0.0,0.0,0.0,0.0,0.0,0.0,0.0,0.0,0.0,0.0,0.0,0.0,0.0,0.0,0.0,0.0,0.0,0.0,0.0,0.0,53.576377,0.888635,0.0,0.0,Normal_Traffic
3232235778,3232235777,84.0,1.0,0.0,0.0,0.0,0.0,64.0,1.0,0.0,0.0,0.0,0.0,0.0,0.0,0.0,0.0,0.0,0.0,0.0,0.0,54.674129,1.097752,0.0,0.0,Normal_Traffic
3232235777,3232235778,84.0,1.0,0.0,0.0,0.0,0.0,255.0,1.0,0.0,0.0,0.0,0.0,0.0,0.0,0.0,0.0,0.0,0.0,0.0,0.0,54.694684,0.020555,0.0,0.0,Normal_Traffic
0,0,0.0,0.0,0.0,0.0,0.0,0.0,0.0,0.0,0.0,0.0,0.0,0.0,0.0,0.0,0.0,0.0,0.0,0.0,0.0,0.0,55.685988,0.991304,0.0,0.0,Normal_Traffic
3232235778,3232235780,84.0,1.0,0.0,0.0,0.0,0.0,64.0,1.0,0.0,0.0,0.0,0.0,0.0,0.0,0.0,0.0,0.0,0.0,0.0,0.0,56.69996,1.013972,0.0,0.0,Normal_Traffic
3232235780,3232235778,84.0,0.0,0.0,0.0,0.0,0.0,64.0,1.0,0.0,0.0,0.0,0.0,0.0,0.0,0.0,0.0,0.0,0.0,0.0,0.0,56.715588,0.015628,0.0,0.0,Normal_Traffic
0,0,0.0,0.0,0.0,0.0,0.0,0.0,0.0,0.0,0.0,0.0,0.0,0.0,0.0,0.0,0.0,0.0,0.0,0.0,0.0,0.0,57.864873,1.149285,0.0,0.0,Normal_Traffic
3232235778,3232235780,84.0,1.0,0.0,0.0,0.0,0.0,64.0,1.0,0.0,0.0,0.0,0.0,0.0,0.0,0.0,0.0,0.0,0.0,0.0,0.0,58.701208,0.836335,0.0,0.0,Normal_Traffic
3232235780,3232235778,84.0,0.0,0.0,0.0,0.0,0.0,64.0,1.0,0.0,0.0,0.0,0.0,0.0,0.0,0.0,0.0,0.0,0.0,0.0,0.0,58.714231,0.013023,0.0,0.0,Normal_Traffic
3232235778,3232235779,84.0,1.0,0.0,0.0,0.0,0.0,64.0,1.0,0.0,0.0,0.0,0.0,0.0,0.0,0.0,0.0,0.0,0.0,0.0,0.0,58.715466,0.001235,0.0,0.0,Normal_Traffic
3232235779,3232235778,84.0,0.0,0.0,0.0,0.0,0.0,128.0,1.0,0.0,0.0,0.0,0.0,0.0,0.0,0.0,0.0,0.0,0.0,0.0,0.0,58.724628,0.009162,0.0,0.0,Normal_Traffic
0,0,0.0,0.0,0.0,0.0,0.0,0.0,0.0,0.0,0.0,0.0,0.0,0.0,0.0,0.0,0.0,0.0,0.0,0.0,0.0,0.0,59.989124,1.264496,0.0,0.0,Normal_Traffic
3232235778,3232235779,84.0,1.0,0.0,0.0,0.0,0.0,64.0,1.0,0.0,0.0,0.0,0.0,0.0,0.0,0.0,0.0,0.0,0.0,0.0,0.0,60.715983,0.726859,0.0,0.0,Normal_Traffic
3232235779,3232235778,84.0,0.0,0.0,0.0,0.0,0.0,128.0,1.0,0.0,0.0,0.0,0.0,0.0,0.0,0.0,0.0,0.0,0.0,0.0,0.0,60.722554,0.006571,0.0,0.0,Normal_Traffic
3232235778,3232235777,84.0,1.0,0.0,0.0,0.0,0.0,64.0,1.0,0.0,0.0,0.0,0.0,0.0,0.0,0.0,0.0,0.0,0.0,0.0,0.0,60.725905,0.003351,0.0,0.0,Normal_Traffic
3232235777,3232235778,84.0,1.0,0.0,0.0,0.0,0.0,255.0,1.0,0.0,0.0,0.0,0.0,0.0,0.0,0.0,0.0,0.0,0.0,0.0,0.0,60.752786,0.026881,0.0,0.0,Normal_Traffic
0,0,0.0,0.0,0.0,0.0,0.0,0.0,0.0,0.0,0.0,0.0,0.0,0.0,0.0,0.0,0.0,0.0,0.0,0.0,0.0,0.0,62.121079,1.368293,0.0,0.0,Normal_Traffic
3232235778,3232235777,84.0,1.0,0.0,0.0,0.0,0.0,64.0,1.0,0.0,0.0,0.0,0.0,0.0,0.0,0.0,0.0,0.0,0.0,0.0,0.0,62.727391,0.606312,0.0,0.0,Normal_Traffic
3232235777,3232235778,84.0,1.0,0.0,0.0,0.0,0.0,255.0,1.0,0.0,0.0,0.0,0.0,0.0,0.0,0.0,0.0,0.0,0.0,0.0,0.0,62.741632,0.014241,0.0,0.0,Normal_Traffic
3232235778,3232235779,84.0,1.0,0.0,0.0,0.0,0.0,64.0,1.0,0.0,0.0,0.0,0.0,0.0,0.0,0.0,0.0,0.0,0.0,0.0,0.0,62.743292,0.00166,0.0,0.0,Normal_Traffic
3232235779,3232235778,84.0,0.0,0.0,0.0,0.0,0.0,128.0,1.0,0.0,0.0,0.0,0.0,0.0,0.0,0.0,0.0,0.0,0.0,0.0,0.0,62.746728,0.003436,0.0,0.0,Normal_Traffic
0,0,0.0,0.0,0.0,0.0,0.0,0.0,0.0,0.0,0.0,0.0,0.0,0.0,0.0,0.0,0.0,0.0,0.0,0.0,0.0,0.0,63.271012,0.524284,0.0,0.0,Normal_Traffic
0,0,0.0,0.0,0.0,0.0,0.0,0.0,0.0,0.0,0.0,0.0,0.0,0.0,0.0,0.0,0.0,0.0,0.0,0.0,0.0,0.0,63.271373,0.000361,0.0,0.0,Normal_Traffic
0,0,0.0,0.0,0.0,0.0,0.0,0.0,0.0,0.0,0.0,0.0,0.0,0.0,0.0,0.0,0.0,0.0,0.0,0.0,0.0,0.0,64.294148,1.022775,0.0,0.0,Normal_Traffic
0,0,0.0,0.0,0.0,0.0,0.0,0.0,0.0,0.0,0.0,0.0,0.0,0.0,0.0,0.0,0.0,0.0,0.0,0.0,0.0,0.0,64.666595,0.372447,0.0,0.0,Normal_Traffic
0,0,0.0,0.0,0.0,0.0,0.0,0.0,0.0,0.0,0.0,0.0,0.0,0.0,0.0,0.0,0.0,0.0,0.0,0.0,0.0,0.0,64.674792,0.008197,0.0,0.0,Normal_Traffic
3232235778,3232235779,84.0,1.0,0.0,0.0,0.0,0.0,64.0,1.0,0.0,0.0,0.0,0.0,0.0,0.0,0.0,0.0,0.0,0.0,0.0,0.0,64.744186,0.069394,0.0,0.0,Normal_Traffic
3232235779,3232235778,84.0,0.0,0.0,0.0,0.0,0.0,128.0,1.0,0.0,0.0,0.0,0.0,0.0,0.0,0.0,0.0,0.0,0.0,0.0,0.0,64.747662,0.003476,0.0,0.0,Normal_Traffic
3232235778,3232235782,84.0,1.0,0.0,0.0,0.0,0.0,64.0,1.0,0.0,0.0,0.0,0.0,0.0,0.0,0.0,0.0,0.0,0.0,0.0,0.0,64.749897,0.002235,0.0,0.0,Normal_Traffic
3232235782,3232235778,84.0,0.0,0.0,0.0,0.0,0.0,64.0,1.0,0.0,0.0,0.0,0.0,0.0,0.0,0.0,0.0,0.0,0.0,0.0,0.0,64.784155,0.034258,0.0,0.0,Normal_Traffic
0,0,0.0,0.0,0.0,0.0,0.0,0.0,0.0,0.0,0.0,0.0,0.0,0.0,0.0,0.0,0.0,0.0,0.0,0.0,0.0,0.0,66.52306,1.738905,0.0,0.0,Normal_Traffic
3232235778,3232235782,84.0,1.0,0.0,0.0,0.0,0.0,64.0,1.0,0.0,0.0,0.0,0.0,0.0,0.0,0.0,0.0,0.0,0.0,0.0,0.0,66.749884,0.226824,0.0,0.0,Normal_Traffic
3232235782,3232235778,84.0,0.0,0.0,0.0,0.0,0.0,64.0,1.0,0.0,0.0,0.0,0.0,0.0,0.0,0.0,0.0,0.0,0.0,0.0,0.0,66.760862,0.010978,0.0,0.0,Normal_Traffic
3232235778,3232235781,84.0,1.0,0.0,0.0,0.0,0.0,64.0,1.0,0.0,0.0,0.0,0.0,0.0,0.0,0.0,0.0,0.0,0.0,0.0,0.0,66.772783,0.011921,0.0,0.0,Normal_Traffic
3232235781,3232235778,84.0,0.0,0.0,0.0,0.0,0.0,128.0,1.0,0.0,0.0,0.0,0.0,0.0,0.0,0.0,0.0,0.0,0.0,0.0,0.0,66.785039,0.012256,0.0,0.0,Normal_Traffic
0,0,0.0,0.0,0.0,0.0,0.0,0.0,0.0,0.0,0.0,0.0,0.0,0.0,0.0,0.0,0.0,0.0,0.0,0.0,0.0,0.0,68.711114,1.926075,0.0,0.0,Normal_Traffic
3232235778,3232235781,84.0,1.0,0.0,0.0,0.0,0.0,64.0,1.0,0.0,0.0,0.0,0.0,0.0,0.0,0.0,0.0,0.0,0.0,0.0,0.0,68.773212,0.062098,0.0,0.0,Normal_Traffic
3232235781,3232235778,84.0,0.0,0.0,0.0,0.0,0.0,128.0,1.0,0.0,0.0,0.0,0.0,0.0,0.0,0.0,0.0,0.0,0.0,0.0,0.0,68.784042,0.01083,0.0,0.0,Normal_Traffic
0,0,0.0,0.0,0.0,0.0,0.0,0.0,0.0,0.0,0.0,0.0,0.0,0.0,0.0,0.0,0.0,0.0,0.0,0.0,0.0,0.0,69.768287,0.984245,0.0,0.0,Normal_Traffic
0,0,0.0,0.0,0.0,0.0,0.0,0.0,0.0,0.0,0.0,0.0,0.0,0.0,0.0,0.0,0.0,0.0,0.0,0.0,0.0,0.0,69.771632,0.003345,0.0,0.0,Normal_Traffic
3232235778,3232235780,84.0,1.0,0.0,0.0,0.0,0.0,64.0,1.0,0.0,0.0,0.0,0.0,0.0,0.0,0.0,0.0,0.0,0.0,0.0,0.0,70.786634,1.015002,0.0,0.0,Normal_Traffic
3232235780,3232235778,84.0,0.0,0.0,0.0,0.0,0.0,64.0,1.0,0.0,0.0,0.0,0.0,0.0,0.0,0.0,0.0,0.0,0.0,0.0,0.0,70.800907,0.014273,0.0,0.0,Normal_Traffic
0,0,0.0,0.0,0.0,0.0,0.0,0.0,0.0,0.0,0.0,0.0,0.0,0.0,0.0,0.0,0.0,0.0,0.0,0.0,0.0,0.0,70.892495,0.091588,0.0,0.0,Normal_Traffic
0,0,0.0,0.0,0.0,0.0,0.0,0.0,0.0,0.0,0.0,0.0,0.0,0.0,0.0,0.0,0.0,0.0,0.0,0.0,0.0,0.0,71.627858,0.735363,0.0,0.0,Normal_Traffic
0,0,0.0,0.0,0.0,0.0,0.0,0.0,0.0,0.0,0.0,0.0,0.0,0.0,0.0,0.0,0.0,0.0,0.0,0.0,0.0,0.0,71.632379,0.004521,0.0,0.0,Normal_Traffic
3232235778,3232235780,84.0,1.0,0.0,0.0,0.0,0.0,64.0,1.0,0.0,0.0,0.0,0.0,0.0,0.0,0.0,0.0,0.0,0.0,0.0,0.0,72.787054,1.154675,0.0,0.0,Normal_Traffic
3232235780,3232235778,84.0,0.0,0.0,0.0,0.0,0.0,64.0,1.0,0.0,0.0,0.0,0.0,0.0,0.0,0.0,0.0,0.0,0.0,0.0,0.0,72.791061,0.004007,0.0,0.0,Normal_Traffic
3232235778,3232235782,84.0,1.0,0.0,0.0,0.0,0.0,64.0,1.0,0.0,0.0,0.0,0.0,0.0,0.0,0.0,0.0,0.0,0.0,0.0,0.0,72.794002,0.002941,0.0,0.0,Normal_Traffic
3232235782,3232235778,84.0,0.0,0.0,0.0,0.0,0.0,64.0,1.0,0.0,0.0,0.0,0.0,0.0,0.0,0.0,0.0,0.0,0.0,0.0,0.0,72.815163,0.021161,0.0,0.0,Normal_Traffic
0,0,0.0,0.0,0.0,0.0,0.0,0.0,0.0,0.0,0.0,0.0,0.0,0.0,0.0,0.0,0.0,0.0,0.0,0.0,0.0,0.0,73.071244,0.256081,0.0,0.0,Normal_Traffic
3232235778,3232235782,84.0,1.0,0.0,0.0,0.0,0.0,64.0,1.0,0.0,0.0,0.0,0.0,0.0,0.0,0.0,0.0,0.0,0.0,0.0,0.0,74.794608,1.723364,0.0,0.0,Normal_Traffic
3232235782,3232235778,84.0,0.0,0.0,0.0,0.0,0.0,64.0,1.0,0.0,0.0,0.0,0.0,0.0,0.0,0.0,0.0,0.0,0.0,0.0,0.0,74.802556,0.007948,0.0,0.0,Normal_Traffic
3232235778,3232235779,84.0,1.0,0.0,0.0,0.0,0.0,64.0,1.0,0.0,0.0,0.0,0.0,0.0,0.0,0.0,0.0,0.0,0.0,0.0,0.0,74.803898,0.001342,0.0,0.0,Normal_Traffic
3232235779,3232235778,84.0,0.0,0.0,0.0,0.0,0.0,128.0,1.0,0.0,0.0,0.0,0.0,0.0,0.0,0.0,0.0,0.0,0.0,0.0,0.0,74.808793,0.004895,0.0,0.0,Normal_Traffic
0,0,0.0,0.0,0.0,0.0,0.0,0.0,0.0,0.0,0.0,0.0,0.0,0.0,0.0,0.0,0.0,0.0,0.0,0.0,0.0,0.0,75.178113,0.36932,0.0,0.0,Normal_Traffic
0,0,0.0,0.0,0.0,0.0,0.0,0.0,0.0,0.0,0.0,0.0,0.0,0.0,0.0,0.0,0.0,0.0,0.0,0.0,0.0,0.0,75.884152,0.706039,0.0,0.0,Normal_Traffic
0,0,0.0,0.0,0.0,0.0,0.0,0.0,0.0,0.0,0.0,0.0,0.0,0.0,0.0,0.0,0.0,0.0,0.0,0.0,0.0,0.0,75.946484,0.062332,0.0,0.0,Normal_Traffic
0,0,0.0,0.0,0.0,0.0,0.0,0.0,0.0,0.0,0.0,0.0,0.0,0.0,0.0,0.0,0.0,0.0,0.0,0.0,0.0,0.0,75.946924,0.00044,0.0,0.0,Normal_Traffic
3232235778,3232235779,84.0,1.0,0.0,0.0,0.0,0.0,64.0,1.0,0.0,0.0,0.0,0.0,0.0,0.0,0.0,0.0,0.0,0.0,0.0,0.0,76.805058,0.858134,0.0,0.0,Normal_Traffic
3232235779,3232235778,84.0,0.0,0.0,0.0,0.0,0.0,128.0,1.0,0.0,0.0,0.0,0.0,0.0,0.0,0.0,0.0,0.0,0.0,0.0,0.0,76.811557,0.006499,0.0,0.0,Normal_Traffic
0,0,0.0,0.0,0.0,0.0,0.0,0.0,0.0,0.0,0.0,0.0,0.0,0.0,0.0,0.0,0.0,0.0,0.0,0.0,0.0,0.0,77.352976,0.541419,0.0,0.0,Normal_Traffic
3232235778,3232235781,84.0,1.0,0.0,0.0,0.0,0.0,64.0,1.0,0.0,0.0,0.0,0.0,0.0,0.0,0.0,0.0,0.0,0.0,0.0,0.0,78.814352,1.461376,0.0,0.0,Normal_Traffic
3232235781,3232235778,84.0,0.0,0.0,0.0,0.0,0.0,128.0,1.0,0.0,0.0,0.0,0.0,0.0,0.0,0.0,0.0,0.0,0.0,0.0,0.0,78.824564,0.010212,0.0,0.0,Normal_Traffic
0,0,0.0,0.0,0.0,0.0,0.0,0.0,0.0,0.0,0.0,0.0,0.0,0.0,0.0,0.0,0.0,0.0,0.0,0.0,0.0,0.0,79.476644,0.65208,0.0,0.0,Normal_Traffic
3232235778,3232235781,84.0,1.0,0.0,0.0,0.0,0.0,64.0,1.0,0.0,0.0,0.0,0.0,0.0,0.0,0.0,0.0,0.0,0.0,0.0,0.0,80.815942,1.339298,0.0,0.0,Normal_Traffic
3232235781,3232235778,84.0,0.0,0.0,0.0,0.0,0.0,128.0,1.0,0.0,0.0,0.0,0.0,0.0,0.0,0.0,0.0,0.0,0.0,0.0,0.0,80.823478,0.007536,0.0,0.0,Normal_Traffic
3232235778,3232235780,84.0,1.0,0.0,0.0,0.0,0.0,64.0,1.0,0.0,0.0,0.0,0.0,0.0,0.0,0.0,0.0,0.0,0.0,0.0,0.0,80.825057,0.001579,0.0,0.0,Normal_Traffic
3232235780,3232235778,84.0,0.0,0.0,0.0,0.0,0.0,64.0,1.0,0.0,0.0,0.0,0.0,0.0,0.0,0.0,0.0,0.0,0.0,0.0,0.0,80.843939,0.018882,0.0,0.0,Normal_Traffic
0,0,0.0,0.0,0.0,0.0,0.0,0.0,0.0,0.0,0.0,0.0,0.0,0.0,0.0,0.0,0.0,0.0,0.0,0.0,0.0,0.0,81.612405,0.768466,0.0,0.0,Normal_Traffic
3232235778,3232235780,84.0,1.0,0.0,0.0,0.0,0.0,64.0,1.0,0.0,0.0,0.0,0.0,0.0,0.0,0.0,0.0,0.0,0.0,0.0,0.0,82.826511,1.214106,0.0,0.0,Normal_Traffic
3232235780,3232235778,84.0,0.0,0.0,0.0,0.0,0.0,64.0,1.0,0.0,0.0,0.0,0.0,0.0,0.0,0.0,0.0,0.0,0.0,0.0,0.0,82.83423,0.007719,0.0,0.0,Normal_Traffic
3232235778,3232235777,84.0,1.0,0.0,0.0,0.0,0.0,64.0,1.0,0.0,0.0,0.0,0.0,0.0,0.0,0.0,0.0,0.0,0.0,0.0,0.0,82.835657,0.001427,0.0,0.0,Normal_Traffic
3232235777,3232235778,84.0,1.0,0.0,0.0,0.0,0.0,255.0,1.0,0.0,0.0,0.0,0.0,0.0,0.0,0.0,0.0,0.0,0.0,0.0,0.0,82.85946,0.023803,0.0,0.0,Normal_Traffic
0,0,0.0,0.0,0.0,0.0,0.0,0.0,0.0,0.0,0.0,0.0,0.0,0.0,0.0,0.0,0.0,0.0,0.0,0.0,0.0,0.0,83.764982,0.905522,0.0,0.0,Normal_Traffic
0,0,0.0,0.0,0.0,0.0,0.0,0.0,0.0,0.0,0.0,0.0,0.0,0.0,0.0,0.0,0.0,0.0,0.0,0.0,0.0,0.0,84.135236,0.370254,0.0,0.0,Normal_Traffic
3232235778,3232235777,84.0,1.0,0.0,0.0,0.0,0.0,64.0,1.0,0.0,0.0,0.0,0.0,0.0,0.0,0.0,0.0,0.0,0.0,0.0,0.0,84.837202,0.701966,0.0,0.0,Normal_Traffic
3232235777,3232235778,84.0,1.0,0.0,0.0,0.0,0.0,255.0,1.0,0.0,0.0,0.0,0.0,0.0,0.0,0.0,0.0,0.0,0.0,0.0,0.0,84.853281,0.016079,0.0,0.0,Normal_Traffic
3232235778,3232235777,84.0,1.0,0.0,0.0,0.0,0.0,64.0,1.0,0.0,0.0,0.0,0.0,0.0,0.0,0.0,0.0,0.0,0.0,0.0,0.0,84.856359,0.003078,0.0,0.0,Normal_Traffic
3232235777,3232235778,84.0,1.0,0.0,0.0,0.0,0.0,255.0,1.0,0.0,0.0,0.0,0.0,0.0,0.0,0.0,0.0,0.0,0.0,0.0,0.0,84.871839,0.01548,0.0,0.0,Normal_Traffic
0,0,0.0,0.0,0.0,0.0,0.0,0.0,0.0,0.0,0.0,0.0,0.0,0.0,0.0,0.0,0.0,0.0,0.0,0.0,0.0,0.0,85.923081,1.051242,0.0,0.0,Normal_Traffic
3232235778,3232235777,84.0,1.0,0.0,0.0,0.0,0.0,64.0,1.0,0.0,0.0,0.0,0.0,0.0,0.0,0.0,0.0,0.0,0.0,0.0,0.0,86.858467,0.935386,0.0,0.0,Normal_Traffic
3232235777,3232235778,84.0,1.0,0.0,0.0,0.0,0.0,255.0,1.0,0.0,0.0,0.0,0.0,0.0,0.0,0.0,0.0,0.0,0.0,0.0,0.0,86.871958,0.013491,0.0,0.0,Normal_Traffic
3232235778,3232235780,84.0,1.0,0.0,0.0,0.0,0.0,64.0,1.0,0.0,0.0,0.0,0.0,0.0,0.0,0.0,0.0,0.0,0.0,0.0,0.0,86.87351,0.001552,0.0,0.0,Normal_Traffic
3232235780,3232235778,84.0,0.0,0.0,0.0,0.0,0.0,64.0,1.0,0.0,0.0,0.0,0.0,0.0,0.0,0.0,0.0,0.0,0.0,0.0,0.0,86.89685,0.02334,0.0,0.0,Normal_Traffic
0,0,0.0,0.0,0.0,0.0,0.0,0.0,0.0,0.0,0.0,0.0,0.0,0.0,0.0,0.0,0.0,0.0,0.0,0.0,0.0,0.0,88.06957,1.17272,0.0,0.0,Normal_Traffic
3232235778,3232235780,84.0,1.0,0.0,0.0,0.0,0.0,64.0,1.0,0.0,0.0,0.0,0.0,0.0,0.0,0.0,0.0,0.0,0.0,0.0,0.0,88.875151,0.805581,0.0,0.0,Normal_Traffic
3232235780,3232235778,84.0,0.0,0.0,0.0,0.0,0.0,64.0,1.0,0.0,0.0,0.0,0.0,0.0,0.0,0.0,0.0,0.0,0.0,0.0,0.0,88.881644,0.006493,0.0,0.0,Normal_Traffic
3232235778,3232235779,84.0,1.0,0.0,0.0,0.0,0.0,64.0,1.0,0.0,0.0,0.0,0.0,0.0,0.0,0.0,0.0,0.0,0.0,0.0,0.0,88.882831,0.001187,0.0,0.0,Normal_Traffic
3232235779,3232235778,84.0,0.0,0.0,0.0,0.0,0.0,128.0,1.0,0.0,0.0,0.0,0.0,0.0,0.0,0.0,0.0,0.0,0.0,0.0,0.0,88.899066,0.016235,0.0,0.0,Normal_Traffic
0,0,0.0,0.0,0.0,0.0,0.0,0.0,0.0,0.0,0.0,0.0,0.0,0.0,0.0,0.0,0.0,0.0,0.0,0.0,0.0,0.0,90.21821,1.319144,0.0,0.0,Normal_Traffic
3232235778,3232235779,84.0,1.0,0.0,0.0,0.0,0.0,64.0,1.0,0.0,0.0,0.0,0.0,0.0,0.0,0.0,0.0,0.0,0.0,0.0,0.0,90.882877,0.664667,0.0,0.0,Normal_Traffic
3232235779,3232235778,84.0,0.0,0.0,0.0,0.0,0.0,128.0,1.0,0.0,0.0,0.0,0.0,0.0,0.0,0.0,0.0,0.0,0.0,0.0,0.0,90.891345,0.008468,0.0,0.0,Normal_Traffic
3232235778,3232235781,84.0,1.0,0.0,0.0,0.0,0.0,64.0,1.0,0.0,0.0,0.0,0.0,0.0,0.0,0.0,0.0,0.0,0.0,0.0,0.0,90.898334,0.006989,0.0,0.0,Normal_Traffic
3232235781,3232235778,84.0,0.0,0.0,0.0,0.0,0.0,128.0,1.0,0.0,0.0,0.0,0.0,0.0,0.0,0.0,0.0,0.0,0.0,0.0,0.0,90.916213,0.017879,0.0,0.0,Normal_Traffic
0,0,0.0,0.0,0.0,0.0,0.0,0.0,0.0,0.0,0.0,0.0,0.0,0.0,0.0,0.0,0.0,0.0,0.0,0.0,0.0,0.0,92.364514,1.448301,0.0,0.0,Normal_Traffic
3232235778,3232235781,84.0,1.0,0.0,0.0,0.0,0.0,64.0,1.0,0.0,0.0,0.0,0.0,0.0,0.0,0.0,0.0,0.0,0.0,0.0,0.0,92.900742,0.536228,0.0,0.0,Normal_Traffic
3232235781,3232235778,84.0,0.0,0.0,0.0,0.0,0.0,128.0,1.0,0.0,0.0,0.0,0.0,0.0,0.0,0.0,0.0,0.0,0.0,0.0,0.0,92.912293,0.011551,0.0,0.0,Normal_Traffic
3232235778,3232235782,84.0,1.0,0.0,0.0,0.0,0.0,64.0,1.0,0.0,0.0,0.0,0.0,0.0,0.0,0.0,0.0,0.0,0.0,0.0,0.0,92.913922,0.001629,0.0,0.0,Normal_Traffic
3232235782,3232235778,84.0,0.0,0.0,0.0,0.0,0.0,64.0,1.0,0.0,0.0,0.0,0.0,0.0,0.0,0.0,0.0,0.0,0.0,0.0,0.0,92.931558,0.017636,0.0,0.0,Normal_Traffic
0,0,0.0,0.0,0.0,0.0,0.0,0.0,0.0,0.0,0.0,0.0,0.0,0.0,0.0,0.0,0.0,0.0,0.0,0.0,0.0,0.0,94.552999,1.621441,0.0,0.0,Normal_Traffic
3232235778,3232235782,84.0,1.0,0.0,0.0,0.0,0.0,64.0,1.0,0.0,0.0,0.0,0.0,0.0,0.0,0.0,0.0,0.0,0.0,0.0,0.0,94.916145,0.363146,0.0,0.0,Normal_Traffic
3232235782,3232235778,84.0,0.0,0.0,0.0,0.0,0.0,64.0,1.0,0.0,0.0,0.0,0.0,0.0,0.0,0.0,0.0,0.0,0.0,0.0,0.0,94.932712,0.016567,0.0,0.0,Normal_Traffic
0,0,0.0,0.0,0.0,0.0,0.0,0.0,0.0,0.0,0.0,0.0,0.0,0.0,0.0,0.0,0.0,0.0,0.0,0.0,0.0,0.0,96.526506,1.593794,0.0,0.0,Normal_Traffic
0,0,0.0,0.0,0.0,0.0,0.0,0.0,0.0,0.0,0.0,0.0,0.0,0.0,0.0,0.0,0.0,0.0,0.0,0.0,0.0,0.0,96.537698,0.011192,0.0,0.0,Normal_Traffic
0,0,0.0,0.0,0.0,0.0,0.0,0.0,0.0,0.0,0.0,0.0,0.0,0.0,0.0,0.0,0.0,0.0,0.0,0.0,0.0,0.0,96.814207,0.276509,0.0,0.0,Normal_Traffic
3232235778,3232235780,84.0,1.0,0.0,0.0,0.0,0.0,64.0,1.0,0.0,0.0,0.0,0.0,0.0,0.0,0.0,0.0,0.0,0.0,0.0,0.0,96.937687,0.12348,0.0,0.0,Normal_Traffic
3232235780,3232235778,84.0,0.0,0.0,0.0,0.0,0.0,64.0,1.0,0.0,0.0,0.0,0.0,0.0,0.0,0.0,0.0,0.0,0.0,0.0,0.0,96.951095,0.013408,0.0,0.0,Normal_Traffic
3232235778,3232235780,84.0,1.0,0.0,0.0,0.0,0.0,64.0,1.0,0.0,0.0,0.0,0.0,0.0,0.0,0.0,0.0,0.0,0.0,0.0,0.0,98.939677,1.988582,0.0,0.0,Normal_Traffic
3232235780,3232235778,84.0,0.0,0.0,0.0,0.0,0.0,64.0,1.0,0.0,0.0,0.0,0.0,0.0,0.0,0.0,0.0,0.0,0.0,0.0,0.0,98.947075,0.007398,0.0,0.0,Normal_Traffic
3232235778,3232235781,84.0,1.0,0.0,0.0,0.0,0.0,64.0,1.0,0.0,0.0,0.0,0.0,0.0,0.0,0.0,0.0,0.0,0.0,0.0,0.0,98.948433,0.001358,0.0,0.0,Normal_Traffic
3232235781,3232235778,84.0,0.0,0.0,0.0,0.0,0.0,128.0,1.0,0.0,0.0,0.0,0.0,0.0,0.0,0.0,0.0,0.0,0.0,0.0,0.0,98.957575,0.009142,0.0,0.0,Normal_Traffic
0,0,0.0,0.0,0.0,0.0,0.0,0.0,0.0,0.0,0.0,0.0,0.0,0.0,0.0,0.0,0.0,0.0,0.0,0.0,0.0,0.0,99.031496,0.073921,0.0,0.0,Normal_Traffic
3232235778,3232235781,84.0,1.0,0.0,0.0,0.0,0.0,64.0,1.0,0.0,0.0,0.0,0.0,0.0,0.0,0.0,0.0,0.0,0.0,0.0,0.0,100.949873,1.918377,0.0,0.0,Normal_Traffic
3232235781,3232235778,84.0,0.0,0.0,0.0,0.0,0.0,128.0,1.0,0.0,0.0,0.0,0.0,0.0,0.0,0.0,0.0,0.0,0.0,0.0,0.0,100.958723,0.00885,0.0,0.0,Normal_Traffic
0,0,0.0,0.0,0.0,0.0,0.0,0.0,0.0,0.0,0.0,0.0,0.0,0.0,0.0,0.0,0.0,0.0,0.0,0.0,0.0,0.0,101.194073,0.23535,0.0,0.0,Normal_Traffic
3232235778,3232235779,84.0,1.0,0.0,0.0,0.0,0.0,64.0,1.0,0.0,0.0,0.0,0.0,0.0,0.0,0.0,0.0,0.0,0.0,0.0,0.0,102.959005,1.764932,0.0,0.0,Normal_Traffic
3232235779,3232235778,84.0,0.0,0.0,0.0,0.0,0.0,128.0,1.0,0.0,0.0,0.0,0.0,0.0,0.0,0.0,0.0,0.0,0.0,0.0,0.0,102.975707,0.016702,0.0,0.0,Normal_Traffic
0,0,0.0,0.0,0.0,0.0,0.0,0.0,0.0,0.0,0.0,0.0,0.0,0.0,0.0,0.0,0.0,0.0,0.0,0.0,0.0,0.0,103.375984,0.400277,0.0,0.0,Normal_Traffic
3232235778,3232235779,84.0,1.0,0.0,0.0,0.0,0.0,64.0,1.0,0.0,0.0,0.0,0.0,0.0,0.0,0.0,0.0,0.0,0.0,0.0,0.0,104.96115,1.585166,0.0,0.0,Normal_Traffic
3232235779,3232235778,84.0,0.0,0.0,0.0,0.0,0.0,128.0,1.0,0.0,0.0,0.0,0.0,0.0,0.0,0.0,0.0,0.0,0.0,0.0,0.0,104.966144,0.004994,0.0,0.0,Normal_Traffic
3232235778,3232235777,84.0,1.0,0.0,0.0,0.0,0.0,64.0,1.0,0.0,0.0,0.0,0.0,0.0,0.0,0.0,0.0,0.0,0.0,0.0,0.0,104.967511,0.001367,0.0,0.0,Normal_Traffic
3232235777,3232235778,84.0,1.0,0.0,0.0,0.0,0.0,255.0,1.0,0.0,0.0,0.0,0.0,0.0,0.0,0.0,0.0,0.0,0.0,0.0,0.0,104.991144,0.023633,0.0,0.0,Normal_Traffic
0,0,0.0,0.0,0.0,0.0,0.0,0.0,0.0,0.0,0.0,0.0,0.0,0.0,0.0,0.0,0.0,0.0,0.0,0.0,0.0,0.0,105.514943,0.523799,0.0,0.0,Normal_Traffic
3232235778,3232235777,84.0,1.0,0.0,0.0,0.0,0.0,64.0,1.0,0.0,0.0,0.0,0.0,0.0,0.0,0.0,0.0,0.0,0.0,0.0,0.0,106.96999,1.455047,0.0,0.0,Normal_Traffic
3232235777,3232235778,84.0,1.0,0.0,0.0,0.0,0.0,255.0,1.0,0.0,0.0,0.0,0.0,0.0,0.0,0.0,0.0,0.0,0.0,0.0,0.0,106.981045,0.011055,0.0,0.0,Normal_Traffic
3232235778,3232235782,84.0,1.0,0.0,0.0,0.0,0.0,64.0,1.0,0.0,0.0,0.0,0.0,0.0,0.0,0.0,0.0,0.0,0.0,0.0,0.0,106.982503,0.001458,0.0,0.0,Normal_Traffic
3232235782,3232235778,84.0,0.0,0.0,0.0,0.0,0.0,64.0,1.0,0.0,0.0,0.0,0.0,0.0,0.0,0.0,0.0,0.0,0.0,0.0,0.0,106.991456,0.008953,0.0,0.0,Normal_Traffic
0,0,0.0,0.0,0.0,0.0,0.0,0.0,0.0,0.0,0.0,0.0,0.0,0.0,0.0,0.0,0.0,0.0,0.0,0.0,0.0,0.0,107.639961,0.648505,0.0,0.0,Normal_Traffic
0,0,0.0,0.0,0.0,0.0,0.0,0.0,0.0,0.0,0.0,0.0,0.0,0.0,0.0,0.0,0.0,0.0,0.0,0.0,0.0,0.0,107.770787,0.130826,0.0,0.0,Normal_Traffic
0,0,0.0,0.0,0.0,0.0,0.0,0.0,0.0,0.0,0.0,0.0,0.0,0.0,0.0,0.0,0.0,0.0,0.0,0.0,0.0,0.0,107.773979,0.003192,0.0,0.0,Normal_Traffic
3232235778,3232235782,84.0,1.0,0.0,0.0,0.0,0.0,64.0,1.0,0.0,0.0,0.0,0.0,0.0,0.0,0.0,0.0,0.0,0.0,0.0,0.0,108.984737,1.210758,0.0,0.0,Normal_Traffic
3232235782,3232235778,84.0,0.0,0.0,0.0,0.0,0.0,64.0,1.0,0.0,0.0,0.0,0.0,0.0,0.0,0.0,0.0,0.0,0.0,0.0,0.0,108.992718,0.007981,0.0,0.0,Normal_Traffic
3232235778,3232235782,84.0,1.0,0.0,0.0,0.0,0.0,64.0,1.0,0.0,0.0,0.0,0.0,0.0,0.0,0.0,0.0,0.0,0.0,0.0,0.0,108.998104,0.005386,0.0,0.0,Normal_Traffic
3232235782,3232235778,84.0,0.0,0.0,0.0,0.0,0.0,64.0,1.0,0.0,0.0,0.0,0.0,0.0,0.0,0.0,0.0,0.0,0.0,0.0,0.0,109.011632,0.013528,0.0,0.0,Normal_Traffic
0,0,0.0,0.0,0.0,0.0,0.0,0.0,0.0,0.0,0.0,0.0,0.0,0.0,0.0,0.0,0.0,0.0,0.0,0.0,0.0,0.0,109.804137,0.792505,0.0,0.0,Normal_Traffic
3232235778,3232235782,84.0,1.0,0.0,0.0,0.0,0.0,64.0,1.0,0.0,0.0,0.0,0.0,0.0,0.0,0.0,0.0,0.0,0.0,0.0,0.0,110.998031,1.193894,0.0,0.0,Normal_Traffic
3232235782,3232235778,84.0,0.0,0.0,0.0,0.0,0.0,64.0,1.0,0.0,0.0,0.0,0.0,0.0,0.0,0.0,0.0,0.0,0.0,0.0,0.0,111.008528,0.010497,0.0,0.0,Normal_Traffic
3232235778,3232235779,84.0,1.0,0.0,0.0,0.0,0.0,64.0,1.0,0.0,0.0,0.0,0.0,0.0,0.0,0.0,0.0,0.0,0.0,0.0,0.0,111.009979,0.001451,0.0,0.0,Normal_Traffic
3232235779,3232235778,84.0,0.0,0.0,0.0,0.0,0.0,128.0,1.0,0.0,0.0,0.0,0.0,0.0,0.0,0.0,0.0,0.0,0.0,0.0,0.0,111.013362,0.003383,0.0,0.0,Normal_Traffic
0,0,0.0,0.0,0.0,0.0,0.0,0.0,0.0,0.0,0.0,0.0,0.0,0.0,0.0,0.0,0.0,0.0,0.0,0.0,0.0,0.0,111.91675,0.903388,0.0,0.0,Normal_Traffic
0,0,0.0,0.0,0.0,0.0,0.0,0.0,0.0,0.0,0.0,0.0,0.0,0.0,0.0,0.0,0.0,0.0,0.0,0.0,0.0,0.0,111.996976,0.080226,0.0,0.0,Normal_Traffic
0,0,0.0,0.0,0.0,0.0,0.0,0.0,0.0,0.0,0.0,0.0,0.0,0.0,0.0,0.0,0.0,0.0,0.0,0.0,0.0,0.0,111.997299,0.000323,0.0,0.0,Normal_Traffic
3232235778,3232235779,84.0,1.0,0.0,0.0,0.0,0.0,64.0,1.0,0.0,0.0,0.0,0.0,0.0,0.0,0.0,0.0,0.0,0.0,0.0,0.0,113.012032,1.014733,0.0,0.0,Normal_Traffic
3232235779,3232235778,84.0,0.0,0.0,0.0,0.0,0.0,128.0,1.0,0.0,0.0,0.0,0.0,0.0,0.0,0.0,0.0,0.0,0.0,0.0,0.0,113.015008,0.002976,0.0,0.0,Normal_Traffic
3232235778,3232235777,84.0,1.0,0.0,0.0,0.0,0.0,64.0,1.0,0.0,0.0,0.0,0.0,0.0,0.0,0.0,0.0,0.0,0.0,0.0,0.0,113.018504,0.003496,0.0,0.0,Normal_Traffic
3232235777,3232235778,84.0,1.0,0.0,0.0,0.0,0.0,255.0,1.0,0.0,0.0,0.0,0.0,0.0,0.0,0.0,0.0,0.0,0.0,0.0,0.0,113.043954,0.02545,0.0,0.0,Normal_Traffic
0,0,0.0,0.0,0.0,0.0,0.0,0.0,0.0,0.0,0.0,0.0,0.0,0.0,0.0,0.0,0.0,0.0,0.0,0.0,0.0,0.0,114.090986,1.047032,0.0,0.0,Normal_Traffic
3232235778,3232235777,84.0,1.0,0.0,0.0,0.0,0.0,64.0,1.0,0.0,0.0,0.0,0.0,0.0,0.0,0.0,0.0,0.0,0.0,0.0,0.0,115.019118,0.928132,0.0,0.0,Normal_Traffic
3232235777,3232235778,84.0,1.0,0.0,0.0,0.0,0.0,255.0,1.0,0.0,0.0,0.0,0.0,0.0,0.0,0.0,0.0,0.0,0.0,0.0,0.0,115.034298,0.01518,0.0,0.0,Normal_Traffic
3232235778,3232235780,84.0,1.0,0.0,0.0,0.0,0.0,64.0,1.0,0.0,0.0,0.0,0.0,0.0,0.0,0.0,0.0,0.0,0.0,0.0,0.0,115.039749,0.005451,0.0,0.0,Normal_Traffic
3232235780,3232235778,84.0,0.0,0.0,0.0,0.0,0.0,64.0,1.0,0.0,0.0,0.0,0.0,0.0,0.0,0.0,0.0,0.0,0.0,0.0,0.0,115.065547,0.025798,0.0,0.0,Normal_Traffic
0,0,0.0,0.0,0.0,0.0,0.0,0.0,0.0,0.0,0.0,0.0,0.0,0.0,0.0,0.0,0.0,0.0,0.0,0.0,0.0,0.0,116.215082,1.149535,0.0,0.0,Normal_Traffic
3232235778,3232235780,84.0,1.0,0.0,0.0,0.0,0.0,64.0,1.0,0.0,0.0,0.0,0.0,0.0,0.0,0.0,0.0,0.0,0.0,0.0,0.0,117.041242,0.82616,0.0,0.0,Normal_Traffic
3232235780,3232235778,84.0,0.0,0.0,0.0,0.0,0.0,64.0,1.0,0.0,0.0,0.0,0.0,0.0,0.0,0.0,0.0,0.0,0.0,0.0,0.0,117.051476,0.010234,0.0,0.0,Normal_Traffic
3232235778,3232235781,84.0,1.0,0.0,0.0,0.0,0.0,64.0,1.0,0.0,0.0,0.0,0.0,0.0,0.0,0.0,0.0,0.0,0.0,0.0,0.0,117.052828,0.001352,0.0,0.0,Normal_Traffic
3232235781,3232235778,84.0,0.0,0.0,0.0,0.0,0.0,128.0,1.0,0.0,0.0,0.0,0.0,0.0,0.0,0.0,0.0,0.0,0.0,0.0,0.0,117.068214,0.015386,0.0,0.0,Normal_Traffic
0,0,0.0,0.0,0.0,0.0,0.0,0.0,0.0,0.0,0.0,0.0,0.0,0.0,0.0,0.0,0.0,0.0,0.0,0.0,0.0,0.0,118.418214,1.35,0.0,0.0,Normal_Traffic
3232235778,3232235781,84.0,1.0,0.0,0.0,0.0,0.0,64.0,1.0,0.0,0.0,0.0,0.0,0.0,0.0,0.0,0.0,0.0,0.0,0.0,0.0,119.054754,0.63654,0.0,0.0,Normal_Traffic
3232235781,3232235778,84.0,0.0,0.0,0.0,0.0,0.0,128.0,1.0,0.0,0.0,0.0,0.0,0.0,0.0,0.0,0.0,0.0,0.0,0.0,0.0,119.056851,0.002097,0.0,0.0,Normal_Traffic
3232235783,3232236031,237.0,0.0,0.0,0.0,0.0,0.0,128.0,17.0,0.0,0.0,0.0,0.0,0.0,0.0,0.0,0.0,0.0,0.0,0.0,138.0,119.542678,0.485827,0.0,0.0,Normal_Traffic
0,0,0.0,0.0,0.0,0.0,0.0,0.0,0.0,0.0,0.0,0.0,0.0,0.0,0.0,0.0,0.0,0.0,0.0,0.0,0.0,0.0,120.209961,0.667283,0.0,0.0,Normal_Traffic
0,0,0.0,0.0,0.0,0.0,0.0,0.0,0.0,0.0,0.0,0.0,0.0,0.0,0.0,0.0,0.0,0.0,0.0,0.0,0.0,0.0,120.210415,0.000454,0.0,0.0,Normal_Traffic
0,0,0.0,0.0,0.0,0.0,0.0,0.0,0.0,0.0,0.0,0.0,0.0,0.0,0.0,0.0,0.0,0.0,0.0,0.0,0.0,0.0,120.491229,0.280814,0.0,0.0,Normal_Traffic
3232235778,3232235782,84.0,1.0,0.0,0.0,0.0,0.0,64.0,1.0,0.0,0.0,0.0,0.0,0.0,0.0,0.0,0.0,0.0,0.0,0.0,0.0,121.060233,0.569004,0.0,0.0,Normal_Traffic
3232235782,3232235778,84.0,0.0,0.0,0.0,0.0,0.0,64.0,1.0,0.0,0.0,0.0,0.0,0.0,0.0,0.0,0.0,0.0,0.0,0.0,0.0,121.074807,0.014574,0.0,0.0,Normal_Traffic
0,0,0.0,0.0,0.0,0.0,0.0,0.0,0.0,0.0,0.0,0.0,0.0,0.0,0.0,0.0,0.0,0.0,0.0,0.0,0.0,0.0,121.629427,0.55462,0.0,0.0,Normal_Traffic
0,0,0.0,0.0,0.0,0.0,0.0,0.0,0.0,0.0,0.0,0.0,0.0,0.0,0.0,0.0,0.0,0.0,0.0,0.0,0.0,0.0,121.629962,0.000535,0.0,0.0,Normal_Traffic
0,0,0.0,0.0,0.0,0.0,0.0,0.0,0.0,0.0,0.0,0.0,0.0,0.0,0.0,0.0,0.0,0.0,0.0,0.0,0.0,0.0,122.584575,0.954613,0.0,0.0,Normal_Traffic
3232235778,3232235782,84.0,1.0,0.0,0.0,0.0,0.0,64.0,1.0,0.0,0.0,0.0,0.0,0.0,0.0,0.0,0.0,0.0,0.0,0.0,0.0,123.062281,0.477706,0.0,0.0,Normal_Traffic
3232235782,3232235778,84.0,0.0,0.0,0.0,0.0,0.0,64.0,1.0,0.0,0.0,0.0,0.0,0.0,0.0,0.0,0.0,0.0,0.0,0.0,0.0,123.067963,0.005682,0.0,0.0,Normal_Traffic
3232235778,3232235780,84.0,1.0,0.0,0.0,0.0,0.0,64.0,1.0,0.0,0.0,0.0,0.0,0.0,0.0,0.0,0.0,0.0,0.0,0.0,0.0,123.069341,0.001378,0.0,0.0,Normal_Traffic
3232235780,3232235778,84.0,0.0,0.0,0.0,0.0,0.0,64.0,1.0,0.0,0.0,0.0,0.0,0.0,0.0,0.0,0.0,0.0,0.0,0.0,0.0,123.071316,0.001975,0.0,0.0,Normal_Traffic
0,0,0.0,0.0,0.0,0.0,0.0,0.0,0.0,0.0,0.0,0.0,0.0,0.0,0.0,0.0,0.0,0.0,0.0,0.0,0.0,0.0,124.65229,1.580974,0.0,0.0,Normal_Traffic
3232235778,3232235780,84.0,1.0,0.0,0.0,0.0,0.0,64.0,1.0,0.0,0.0,0.0,0.0,0.0,0.0,0.0,0.0,0.0,0.0,0.0,0.0,125.071215,0.418925,0.0,0.0,Normal_Traffic
3232235780,3232235778,84.0,0.0,0.0,0.0,0.0,0.0,64.0,1.0,0.0,0.0,0.0,0.0,0.0,0.0,0.0,0.0,0.0,0.0,0.0,0.0,125.074501,0.003286,0.0,0.0,Normal_Traffic
3232235778,3232235779,84.0,1.0,0.0,0.0,0.0,0.0,64.0,1.0,0.0,0.0,0.0,0.0,0.0,0.0,0.0,0.0,0.0,0.0,0.0,0.0,125.075997,0.001496,0.0,0.0,Normal_Traffic
3232235779,3232235778,84.0,0.0,0.0,0.0,0.0,0.0,128.0,1.0,0.0,0.0,0.0,0.0,0.0,0.0,0.0,0.0,0.0,0.0,0.0,0.0,125.081546,0.005549,0.0,0.0,Normal_Traffic
0,0,0.0,0.0,0.0,0.0,0.0,0.0,0.0,0.0,0.0,0.0,0.0,0.0,0.0,0.0,0.0,0.0,0.0,0.0,0.0,0.0,126.766299,1.684753,0.0,0.0,Normal_Traffic
3232235778,3232235779,84.0,1.0,0.0,0.0,0.0,0.0,64.0,1.0,0.0,0.0,0.0,0.0,0.0,0.0,0.0,0.0,0.0,0.0,0.0,0.0,127.078378,0.312079,0.0,0.0,Normal_Traffic
3232235779,3232235778,84.0,0.0,0.0,0.0,0.0,0.0,128.0,1.0,0.0,0.0,0.0,0.0,0.0,0.0,0.0,0.0,0.0,0.0,0.0,0.0,127.087701,0.009323,0.0,0.0,Normal_Traffic
3232235778,3232235777,84.0,1.0,0.0,0.0,0.0,0.0,64.0,1.0,0.0,0.0,0.0,0.0,0.0,0.0,0.0,0.0,0.0,0.0,0.0,0.0,127.091136,0.003435,0.0,0.0,Normal_Traffic
3232235777,3232235778,84.0,1.0,0.0,0.0,0.0,0.0,255.0,1.0,0.0,0.0,0.0,0.0,0.0,0.0,0.0,0.0,0.0,0.0,0.0,0.0,127.110078,0.018942,0.0,0.0,Normal_Traffic
0,0,0.0,0.0,0.0,0.0,0.0,0.0,0.0,0.0,0.0,0.0,0.0,0.0,0.0,0.0,0.0,0.0,0.0,0.0,0.0,0.0,128.067263,0.957185,0.0,0.0,Normal_Traffic
0,0,0.0,0.0,0.0,0.0,0.0,0.0,0.0,0.0,0.0,0.0,0.0,0.0,0.0,0.0,0.0,0.0,0.0,0.0,0.0,0.0,128.070251,0.002988,0.0,0.0,Normal_Traffic
0,0,0.0,0.0,0.0,0.0,0.0,0.0,0.0,0.0,0.0,0.0,0.0,0.0,0.0,0.0,0.0,0.0,0.0,0.0,0.0,0.0,128.861826,0.791575,0.0,0.0,Normal_Traffic
3232235778,3232235777,84.0,1.0,0.0,0.0,0.0,0.0,64.0,1.0,0.0,0.0,0.0,0.0,0.0,0.0,0.0,0.0,0.0,0.0,0.0,0.0,129.093106,0.23128,0.0,0.0,Normal_Traffic
3232235777,3232235778,84.0,1.0,0.0,0.0,0.0,0.0,255.0,1.0,0.0,0.0,0.0,0.0,0.0,0.0,0.0,0.0,0.0,0.0,0.0,0.0,129.10479,0.011684,0.0,0.0,Normal_Traffic
3232235778,3232235781,84.0,1.0,0.0,0.0,0.0,0.0,64.0,1.0,0.0,0.0,0.0,0.0,0.0,0.0,0.0,0.0,0.0,0.0,0.0,0.0,129.106176,0.001386,0.0,0.0,Normal_Traffic
3232235781,3232235778,84.0,0.0,0.0,0.0,0.0,0.0,128.0,1.0,0.0,0.0,0.0,0.0,0.0,0.0,0.0,0.0,0.0,0.0,0.0,0.0,129.110264,0.004088,0.0,0.0,Normal_Traffic
0,0,0.0,0.0,0.0,0.0,0.0,0.0,0.0,0.0,0.0,0.0,0.0,0.0,0.0,0.0,0.0,0.0,0.0,0.0,0.0,0.0,130.943698,1.833434,0.0,0.0,Normal_Traffic
3232235778,3232235781,84.0,1.0,0.0,0.0,0.0,0.0,64.0,1.0,0.0,0.0,0.0,0.0,0.0,0.0,0.0,0.0,0.0,0.0,0.0,0.0,131.110283,0.166585,0.0,0.0,Normal_Traffic
3232235781,3232235778,84.0,0.0,0.0,0.0,0.0,0.0,128.0,1.0,0.0,0.0,0.0,0.0,0.0,0.0,0.0,0.0,0.0,0.0,0.0,0.0,131.117193,0.00691,0.0,0.0,Normal_Traffic
0,0,0.0,0.0,0.0,0.0,0.0,0.0,0.0,0.0,0.0,0.0,0.0,0.0,0.0,0.0,0.0,0.0,0.0,0.0,0.0,0.0,133.025113,1.90792,0.0,0.0,Normal_Traffic
3232235778,3232235779,84.0,1.0,0.0,0.0,0.0,0.0,64.0,1.0,0.0,0.0,0.0,0.0,0.0,0.0,0.0,0.0,0.0,0.0,0.0,0.0,133.120384,0.095271,0.0,0.0,Normal_Traffic
3232235779,3232235778,84.0,0.0,0.0,0.0,0.0,0.0,128.0,1.0,0.0,0.0,0.0,0.0,0.0,0.0,0.0,0.0,0.0,0.0,0.0,0.0,133.125975,0.005591,0.0,0.0,Normal_Traffic
0,0,0.0,0.0,0.0,0.0,0.0,0.0,0.0,0.0,0.0,0.0,0.0,0.0,0.0,0.0,0.0,0.0,0.0,0.0,0.0,0.0,134.726818,1.600843,0.0,0.0,Normal_Traffic
0,0,0.0,0.0,0.0,0.0,0.0,0.0,0.0,0.0,0.0,0.0,0.0,0.0,0.0,0.0,0.0,0.0,0.0,0.0,0.0,0.0,135.087101,0.360283,0.0,0.0,Normal_Traffic
3232235778,3232235779,84.0,1.0,0.0,0.0,0.0,0.0,64.0,1.0,0.0,0.0,0.0,0.0,0.0,0.0,0.0,0.0,0.0,0.0,0.0,0.0,135.12199,0.034889,0.0,0.0,Normal_Traffic
3232235779,3232235778,84.0,0.0,0.0,0.0,0.0,0.0,128.0,1.0,0.0,0.0,0.0,0.0,0.0,0.0,0.0,0.0,0.0,0.0,0.0,0.0,135.126034,0.004044,0.0,0.0,Normal_Traffic
3232235778,3232235781,84.0,1.0,0.0,0.0,0.0,0.0,64.0,1.0,0.0,0.0,0.0,0.0,0.0,0.0,0.0,0.0,0.0,0.0,0.0,0.0,135.127284,0.00125,0.0,0.0,Normal_Traffic
3232235781,3232235778,84.0,0.0,0.0,0.0,0.0,0.0,128.0,1.0,0.0,0.0,0.0,0.0,0.0,0.0,0.0,0.0,0.0,0.0,0.0,0.0,135.134365,0.007081,0.0,0.0,Normal_Traffic
3232235778,3232235781,84.0,1.0,0.0,0.0,0.0,0.0,64.0,1.0,0.0,0.0,0.0,0.0,0.0,0.0,0.0,0.0,0.0,0.0,0.0,0.0,137.131039,1.996674,0.0,0.0,Normal_Traffic
3232235781,3232235778,84.0,0.0,0.0,0.0,0.0,0.0,128.0,1.0,0.0,0.0,0.0,0.0,0.0,0.0,0.0,0.0,0.0,0.0,0.0,0.0,137.141494,0.010455,0.0,0.0,Normal_Traffic
3232235778,3232235777,84.0,1.0,0.0,0.0,0.0,0.0,64.0,1.0,0.0,0.0,0.0,0.0,0.0,0.0,0.0,0.0,0.0,0.0,0.0,0.0,137.142924,0.00143,0.0,0.0,Normal_Traffic
3232235777,3232235778,84.0,1.0,0.0,0.0,0.0,0.0,255.0,1.0,0.0,0.0,0.0,0.0,0.0,0.0,0.0,0.0,0.0,0.0,0.0,0.0,137.163569,0.020645,0.0,0.0,Normal_Traffic
0,0,0.0,0.0,0.0,0.0,0.0,0.0,0.0,0.0,0.0,0.0,0.0,0.0,0.0,0.0,0.0,0.0,0.0,0.0,0.0,0.0,137.246524,0.082955,0.0,0.0,Normal_Traffic
3232235778,3232235777,84.0,1.0,0.0,0.0,0.0,0.0,64.0,1.0,0.0,0.0,0.0,0.0,0.0,0.0,0.0,0.0,0.0,0.0,0.0,0.0,139.143445,1.896921,0.0,0.0,Normal_Traffic
3232235777,3232235778,84.0,1.0,0.0,0.0,0.0,0.0,255.0,1.0,0.0,0.0,0.0,0.0,0.0,0.0,0.0,0.0,0.0,0.0,0.0,0.0,139.161904,0.018459,0.0,0.0,Normal_Traffic
3232235778,3232235780,84.0,1.0,0.0,0.0,0.0,0.0,64.0,1.0,0.0,0.0,0.0,0.0,0.0,0.0,0.0,0.0,0.0,0.0,0.0,0.0,139.171682,0.009778,0.0,0.0,Normal_Traffic
3232235780,3232235778,84.0,0.0,0.0,0.0,0.0,0.0,64.0,1.0,0.0,0.0,0.0,0.0,0.0,0.0,0.0,0.0,0.0,0.0,0.0,0.0,139.178042,0.00636,0.0,0.0,Normal_Traffic
0,0,0.0,0.0,0.0,0.0,0.0,0.0,0.0,0.0,0.0,0.0,0.0,0.0,0.0,0.0,0.0,0.0,0.0,0.0,0.0,0.0,139.328953,0.150911,0.0,0.0,Normal_Traffic
3232235778,3232235780,84.0,1.0,0.0,0.0,0.0,0.0,64.0,1.0,0.0,0.0,0.0,0.0,0.0,0.0,0.0,0.0,0.0,0.0,0.0,0.0,141.174256,1.845303,0.0,0.0,Normal_Traffic
3232235780,3232235778,84.0,0.0,0.0,0.0,0.0,0.0,64.0,1.0,0.0,0.0,0.0,0.0,0.0,0.0,0.0,0.0,0.0,0.0,0.0,0.0,141.178514,0.004258,0.0,0.0,Normal_Traffic
0,0,0.0,0.0,0.0,0.0,0.0,0.0,0.0,0.0,0.0,0.0,0.0,0.0,0.0,0.0,0.0,0.0,0.0,0.0,0.0,0.0,141.386902,0.208388,0.0,0.0,Normal_Traffic
3232235778,3232235782,84.0,1.0,0.0,0.0,0.0,0.0,64.0,1.0,0.0,0.0,0.0,0.0,0.0,0.0,0.0,0.0,0.0,0.0,0.0,0.0,143.180452,1.79355,0.0,0.0,Normal_Traffic
3232235782,3232235778,84.0,0.0,0.0,0.0,0.0,0.0,64.0,1.0,0.0,0.0,0.0,0.0,0.0,0.0,0.0,0.0,0.0,0.0,0.0,0.0,143.186655,0.006203,0.0,0.0,Normal_Traffic
0,0,0.0,0.0,0.0,0.0,0.0,0.0,0.0,0.0,0.0,0.0,0.0,0.0,0.0,0.0,0.0,0.0,0.0,0.0,0.0,0.0,143.483109,0.296454,0.0,0.0,Normal_Traffic
3232235778,3232235782,84.0,1.0,0.0,0.0,0.0,0.0,64.0,1.0,0.0,0.0,0.0,0.0,0.0,0.0,0.0,0.0,0.0,0.0,0.0,0.0,145.182956,1.699847,0.0,0.0,Normal_Traffic
3232235782,3232235778,84.0,0.0,0.0,0.0,0.0,0.0,64.0,1.0,0.0,0.0,0.0,0.0,0.0,0.0,0.0,0.0,0.0,0.0,0.0,0.0,145.188283,0.005327,0.0,0.0,Normal_Traffic
0,0,0.0,0.0,0.0,0.0,0.0,0.0,0.0,0.0,0.0,0.0,0.0,0.0,0.0,0.0,0.0,0.0,0.0,0.0,0.0,0.0,145.559968,0.371685,0.0,0.0,Normal_Traffic
3232235778,3232235781,84.0,1.0,0.0,0.0,0.0,0.0,64.0,1.0,0.0,0.0,0.0,0.0,0.0,0.0,0.0,0.0,0.0,0.0,0.0,0.0,147.193878,1.63391,0.0,0.0,Normal_Traffic
3232235781,3232235778,84.0,0.0,0.0,0.0,0.0,0.0,128.0,1.0,0.0,0.0,0.0,0.0,0.0,0.0,0.0,0.0,0.0,0.0,0.0,0.0,147.198223,0.004345,0.0,0.0,Normal_Traffic
0,0,0.0,0.0,0.0,0.0,0.0,0.0,0.0,0.0,0.0,0.0,0.0,0.0,0.0,0.0,0.0,0.0,0.0,0.0,0.0,0.0,147.645297,0.447074,0.0,0.0,Normal_Traffic
3232235778,3232235781,84.0,1.0,0.0,0.0,0.0,0.0,64.0,1.0,0.0,0.0,0.0,0.0,0.0,0.0,0.0,0.0,0.0,0.0,0.0,0.0,149.196502,1.551205,0.0,0.0,Normal_Traffic
3232235781,3232235778,84.0,0.0,0.0,0.0,0.0,0.0,128.0,1.0,0.0,0.0,0.0,0.0,0.0,0.0,0.0,0.0,0.0,0.0,0.0,0.0,149.198961,0.002459,0.0,0.0,Normal_Traffic
3232235778,3232235782,84.0,1.0,0.0,0.0,0.0,0.0,64.0,1.0,0.0,0.0,0.0,0.0,0.0,0.0,0.0,0.0,0.0,0.0,0.0,0.0,149.200477,0.001516,0.0,0.0,Normal_Traffic
3232235782,3232235778,84.0,0.0,0.0,0.0,0.0,0.0,64.0,1.0,0.0,0.0,0.0,0.0,0.0,0.0,0.0,0.0,0.0,0.0,0.0,0.0,149.20641,0.005933,0.0,0.0,Normal_Traffic
0,0,0.0,0.0,0.0,0.0,0.0,0.0,0.0,0.0,0.0,0.0,0.0,0.0,0.0,0.0,0.0,0.0,0.0,0.0,0.0,0.0,149.712784,0.506374,0.0,0.0,Normal_Traffic
0,0,0.0,0.0,0.0,0.0,0.0,0.0,0.0,0.0,0.0,0.0,0.0,0.0,0.0,0.0,0.0,0.0,0.0,0.0,0.0,0.0,150.199496,0.486712,0.0,0.0,Normal_Traffic
0,0,0.0,0.0,0.0,0.0,0.0,0.0,0.0,0.0,0.0,0.0,0.0,0.0,0.0,0.0,0.0,0.0,0.0,0.0,0.0,0.0,150.199845,0.000349,0.0,0.0,Normal_Traffic
3232235778,3232235782,84.0,1.0,0.0,0.0,0.0,0.0,64.0,1.0,0.0,0.0,0.0,0.0,0.0,0.0,0.0,0.0,0.0,0.0,0.0,0.0,151.202715,1.00287,0.0,0.0,Normal_Traffic
3232235782,3232235778,84.0,0.0,0.0,0.0,0.0,0.0,64.0,1.0,0.0,0.0,0.0,0.0,0.0,0.0,0.0,0.0,0.0,0.0,0.0,0.0,151.208904,0.006189,0.0,0.0,Normal_Traffic
3232235778,3232235779,84.0,1.0,0.0,0.0,0.0,0.0,64.0,1.0,0.0,0.0,0.0,0.0,0.0,0.0,0.0,0.0,0.0,0.0,0.0,0.0,151.210253,0.001349,0.0,0.0,Normal_Traffic
3232235779,3232235778,84.0,0.0,0.0,0.0,0.0,0.0,128.0,1.0,0.0,0.0,0.0,0.0,0.0,0.0,0.0,0.0,0.0,0.0,0.0,0.0,151.213592,0.003339,0.0,0.0,Normal_Traffic
0,0,0.0,0.0,0.0,0.0,0.0,0.0,0.0,0.0,0.0,0.0,0.0,0.0,0.0,0.0,0.0,0.0,0.0,0.0,0.0,0.0,151.770348,0.556756,0.0,0.0,Normal_Traffic
3232235778,3232235779,84.0,1.0,0.0,0.0,0.0,0.0,64.0,1.0,0.0,0.0,0.0,0.0,0.0,0.0,0.0,0.0,0.0,0.0,0.0,0.0,153.213653,1.443305,0.0,0.0,Normal_Traffic
3232235779,3232235778,84.0,0.0,0.0,0.0,0.0,0.0,128.0,1.0,0.0,0.0,0.0,0.0,0.0,0.0,0.0,0.0,0.0,0.0,0.0,0.0,153.217368,0.003715,0.0,0.0,Normal_Traffic
3232235778,3232235780,84.0,1.0,0.0,0.0,0.0,0.0,64.0,1.0,0.0,0.0,0.0,0.0,0.0,0.0,0.0,0.0,0.0,0.0,0.0,0.0,153.218546,0.001178,0.0,0.0,Normal_Traffic
3232235780,3232235778,84.0,0.0,0.0,0.0,0.0,0.0,64.0,1.0,0.0,0.0,0.0,0.0,0.0,0.0,0.0,0.0,0.0,0.0,0.0,0.0,153.223418,0.004872,0.0,0.0,Normal_Traffic
0,0,0.0,0.0,0.0,0.0,0.0,0.0,0.0,0.0,0.0,0.0,0.0,0.0,0.0,0.0,0.0,0.0,0.0,0.0,0.0,0.0,153.871939,0.648521,0.0,0.0,Normal_Traffic
3232235778,3232235780,84.0,1.0,0.0,0.0,0.0,0.0,64.0,1.0,0.0,0.0,0.0,0.0,0.0,0.0,0.0,0.0,0.0,0.0,0.0,0.0,155.221295,1.349356,0.0,0.0,Normal_Traffic
3232235780,3232235778,84.0,0.0,0.0,0.0,0.0,0.0,64.0,1.0,0.0,0.0,0.0,0.0,0.0,0.0,0.0,0.0,0.0,0.0,0.0,0.0,155.224498,0.003203,0.0,0.0,Normal_Traffic
3232235778,3232235777,84.0,1.0,0.0,0.0,0.0,0.0,64.0,1.0,0.0,0.0,0.0,0.0,0.0,0.0,0.0,0.0,0.0,0.0,0.0,0.0,155.225843,0.001345,0.0,0.0,Normal_Traffic
3232235777,3232235778,84.0,1.0,0.0,0.0,0.0,0.0,255.0,1.0,0.0,0.0,0.0,0.0,0.0,0.0,0.0,0.0,0.0,0.0,0.0,0.0,155.24248,0.016637,0.0,0.0,Normal_Traffic
0,0,0.0,0.0,0.0,0.0,0.0,0.0,0.0,0.0,0.0,0.0,0.0,0.0,0.0,0.0,0.0,0.0,0.0,0.0,0.0,0.0,155.763528,0.521048,0.0,0.0,Normal_Traffic
0,0,0.0,0.0,0.0,0.0,0.0,0.0,0.0,0.0,0.0,0.0,0.0,0.0,0.0,0.0,0.0,0.0,0.0,0.0,0.0,0.0,155.763858,0.00033,0.0,0.0,Normal_Traffic
0,0,0.0,0.0,0.0,0.0,0.0,0.0,0.0,0.0,0.0,0.0,0.0,0.0,0.0,0.0,0.0,0.0,0.0,0.0,0.0,0.0,155.956115,0.192257,0.0,0.0,Normal_Traffic
3232235778,3232235777,84.0,1.0,0.0,0.0,0.0,0.0,64.0,1.0,0.0,0.0,0.0,0.0,0.0,0.0,0.0,0.0,0.0,0.0,0.0,0.0,157.228887,1.272772,0.0,0.0,Normal_Traffic
3232235777,3232235778,84.0,1.0,0.0,0.0,0.0,0.0,255.0,1.0,0.0,0.0,0.0,0.0,0.0,0.0,0.0,0.0,0.0,0.0,0.0,0.0,157.236995,0.008108,0.0,0.0,Normal_Traffic
0,0,0.0,0.0,0.0,0.0,0.0,0.0,0.0,0.0,0.0,0.0,0.0,0.0,0.0,0.0,0.0,0.0,0.0,0.0,0.0,0.0,158.053705,0.81671,0.0,0.0,Normal_Traffic
0,0,0.0,0.0,0.0,0.0,0.0,0.0,0.0,0.0,0.0,0.0,0.0,0.0,0.0,0.0,0.0,0.0,0.0,0.0,0.0,0.0,159.079455,1.02575,0.0,0.0,Normal_Traffic
0,0,0.0,0.0,0.0,0.0,0.0,0.0,0.0,0.0,0.0,0.0,0.0,0.0,0.0,0.0,0.0,0.0,0.0,0.0,0.0,0.0,159.08778,0.008325,0.0,0.0,Normal_Traffic
3232235778,3232235782,84.0,1.0,0.0,0.0,0.0,0.0,64.0,1.0,0.0,0.0,0.0,0.0,0.0,0.0,0.0,0.0,0.0,0.0,0.0,0.0,159.240234,0.152454,0.0,0.0,Normal_Traffic
3232235782,3232235778,84.0,0.0,0.0,0.0,0.0,0.0,64.0,1.0,0.0,0.0,0.0,0.0,0.0,0.0,0.0,0.0,0.0,0.0,0.0,0.0,159.260488,0.020254,0.0,0.0,Normal_Traffic
0,0,0.0,0.0,0.0,0.0,0.0,0.0,0.0,0.0,0.0,0.0,0.0,0.0,0.0,0.0,0.0,0.0,0.0,0.0,0.0,0.0,160.148322,0.887834,0.0,0.0,Normal_Traffic
3232235778,3232235782,84.0,1.0,0.0,0.0,0.0,0.0,64.0,1.0,0.0,0.0,0.0,0.0,0.0,0.0,0.0,0.0,0.0,0.0,0.0,0.0,161.243077,1.094755,0.0,0.0,Normal_Traffic
3232235782,3232235778,84.0,0.0,0.0,0.0,0.0,0.0,64.0,1.0,0.0,0.0,0.0,0.0,0.0,0.0,0.0,0.0,0.0,0.0,0.0,0.0,161.249157,0.00608,0.0,0.0,Normal_Traffic
3232235778,3232235777,84.0,1.0,0.0,0.0,0.0,0.0,64.0,1.0,0.0,0.0,0.0,0.0,0.0,0.0,0.0,0.0,0.0,0.0,0.0,0.0,161.250772,0.001615,0.0,0.0,Normal_Traffic
3232235777,3232235778,84.0,1.0,0.0,0.0,0.0,0.0,255.0,1.0,0.0,0.0,0.0,0.0,0.0,0.0,0.0,0.0,0.0,0.0,0.0,0.0,161.265466,0.014694,0.0,0.0,Normal_Traffic
0,0,0.0,0.0,0.0,0.0,0.0,0.0,0.0,0.0,0.0,0.0,0.0,0.0,0.0,0.0,0.0,0.0,0.0,0.0,0.0,0.0,162.259502,0.994036,0.0,0.0,Normal_Traffic
3232235778,3232235777,84.0,1.0,0.0,0.0,0.0,0.0,64.0,1.0,0.0,0.0,0.0,0.0,0.0,0.0,0.0,0.0,0.0,0.0,0.0,0.0,163.259128,0.999626,0.0,0.0,Normal_Traffic
3232235777,3232235778,84.0,1.0,0.0,0.0,0.0,0.0,255.0,1.0,0.0,0.0,0.0,0.0,0.0,0.0,0.0,0.0,0.0,0.0,0.0,0.0,163.274254,0.015126,0.0,0.0,Normal_Traffic
3232235778,3232235779,84.0,1.0,0.0,0.0,0.0,0.0,64.0,1.0,0.0,0.0,0.0,0.0,0.0,0.0,0.0,0.0,0.0,0.0,0.0,0.0,163.277205,0.002951,0.0,0.0,Normal_Traffic
3232235779,3232235778,84.0,0.0,0.0,0.0,0.0,0.0,128.0,1.0,0.0,0.0,0.0,0.0,0.0,0.0,0.0,0.0,0.0,0.0,0.0,0.0,163.283421,0.006216,0.0,0.0,Normal_Traffic
0,0,0.0,0.0,0.0,0.0,0.0,0.0,0.0,0.0,0.0,0.0,0.0,0.0,0.0,0.0,0.0,0.0,0.0,0.0,0.0,0.0,164.355112,1.071691,0.0,0.0,Normal_Traffic
3232235778,3232235779,84.0,1.0,0.0,0.0,0.0,0.0,64.0,1.0,0.0,0.0,0.0,0.0,0.0,0.0,0.0,0.0,0.0,0.0,0.0,0.0,165.279246,0.924134,0.0,0.0,Normal_Traffic
3232235779,3232235778,84.0,0.0,0.0,0.0,0.0,0.0,128.0,1.0,0.0,0.0,0.0,0.0,0.0,0.0,0.0,0.0,0.0,0.0,0.0,0.0,165.281459,0.002213,0.0,0.0,Normal_Traffic
3232235778,3232235780,84.0,1.0,0.0,0.0,0.0,0.0,64.0,1.0,0.0,0.0,0.0,0.0,0.0,0.0,0.0,0.0,0.0,0.0,0.0,0.0,165.283097,0.001638,0.0,0.0,Normal_Traffic
3232235780,3232235778,84.0,0.0,0.0,0.0,0.0,0.0,64.0,1.0,0.0,0.0,0.0,0.0,0.0,0.0,0.0,0.0,0.0,0.0,0.0,0.0,165.287754,0.004657,0.0,0.0,Normal_Traffic
0,0,0.0,0.0,0.0,0.0,0.0,0.0,0.0,0.0,0.0,0.0,0.0,0.0,0.0,0.0,0.0,0.0,0.0,0.0,0.0,0.0,166.419385,1.131631,0.0,0.0,Normal_Traffic
3232235778,3232235780,84.0,1.0,0.0,0.0,0.0,0.0,64.0,1.0,0.0,0.0,0.0,0.0,0.0,0.0,0.0,0.0,0.0,0.0,0.0,0.0,167.286617,0.867232,0.0,0.0,Normal_Traffic
3232235780,3232235778,84.0,0.0,0.0,0.0,0.0,0.0,64.0,1.0,0.0,0.0,0.0,0.0,0.0,0.0,0.0,0.0,0.0,0.0,0.0,0.0,167.293188,0.006571,0.0,0.0,Normal_Traffic
3232235778,3232235781,84.0,1.0,0.0,0.0,0.0,0.0,64.0,1.0,0.0,0.0,0.0,0.0,0.0,0.0,0.0,0.0,0.0,0.0,0.0,0.0,167.294517,0.001329,0.0,0.0,Normal_Traffic
3232235781,3232235778,84.0,0.0,0.0,0.0,0.0,0.0,128.0,1.0,0.0,0.0,0.0,0.0,0.0,0.0,0.0,0.0,0.0,0.0,0.0,0.0,167.299254,0.004737,0.0,0.0,Normal_Traffic
0,0,0.0,0.0,0.0,0.0,0.0,0.0,0.0,0.0,0.0,0.0,0.0,0.0,0.0,0.0,0.0,0.0,0.0,0.0,0.0,0.0,168.502873,1.203619,0.0,0.0,Normal_Traffic
3232235778,3232235781,84.0,1.0,0.0,0.0,0.0,0.0,64.0,1.0,0.0,0.0,0.0,0.0,0.0,0.0,0.0,0.0,0.0,0.0,0.0,0.0,169.296399,0.793526,0.0,0.0,Normal_Traffic
3232235781,3232235778,84.0,0.0,0.0,0.0,0.0,0.0,128.0,1.0,0.0,0.0,0.0,0.0,0.0,0.0,0.0,0.0,0.0,0.0,0.0,0.0,169.301674,0.005275,0.0,0.0,Normal_Traffic
3232235778,3232235779,84.0,1.0,0.0,0.0,0.0,0.0,64.0,1.0,0.0,0.0,0.0,0.0,0.0,0.0,0.0,0.0,0.0,0.0,0.0,0.0,169.306263,0.004589,0.0,0.0,Normal_Traffic
3232235779,3232235778,84.0,0.0,0.0,0.0,0.0,0.0,128.0,1.0,0.0,0.0,0.0,0.0,0.0,0.0,0.0,0.0,0.0,0.0,0.0,0.0,169.311194,0.004931,0.0,0.0,Normal_Traffic
0,0,0.0,0.0,0.0,0.0,0.0,0.0,0.0,0.0,0.0,0.0,0.0,0.0,0.0,0.0,0.0,0.0,0.0,0.0,0.0,0.0,170.358876,1.047682,0.0,0.0,Normal_Traffic
0,0,0.0,0.0,0.0,0.0,0.0,0.0,0.0,0.0,0.0,0.0,0.0,0.0,0.0,0.0,0.0,0.0,0.0,0.0,0.0,0.0,170.359274,0.000398,0.0,0.0,Normal_Traffic
0,0,0.0,0.0,0.0,0.0,0.0,0.0,0.0,0.0,0.0,0.0,0.0,0.0,0.0,0.0,0.0,0.0,0.0,0.0,0.0,0.0,170.584792,0.225518,0.0,0.0,Normal_Traffic
3232235778,3232235779,84.0,1.0,0.0,0.0,0.0,0.0,64.0,1.0,0.0,0.0,0.0,0.0,0.0,0.0,0.0,0.0,0.0,0.0,0.0,0.0,171.308927,0.724135,0.0,0.0,Normal_Traffic
3232235779,3232235778,84.0,0.0,0.0,0.0,0.0,0.0,128.0,1.0,0.0,0.0,0.0,0.0,0.0,0.0,0.0,0.0,0.0,0.0,0.0,0.0,171.31175,0.002823,0.0,0.0,Normal_Traffic
3232235778,3232235782,84.0,1.0,0.0,0.0,0.0,0.0,64.0,1.0,0.0,0.0,0.0,0.0,0.0,0.0,0.0,0.0,0.0,0.0,0.0,0.0,171.313062,0.001312,0.0,0.0,Normal_Traffic
3232235782,3232235778,84.0,0.0,0.0,0.0,0.0,0.0,64.0,1.0,0.0,0.0,0.0,0.0,0.0,0.0,0.0,0.0,0.0,0.0,0.0,0.0,171.321059,0.007997,0.0,0.0,Normal_Traffic
0,0,0.0,0.0,0.0,0.0,0.0,0.0,0.0,0.0,0.0,0.0,0.0,0.0,0.0,0.0,0.0,0.0,0.0,0.0,0.0,0.0,172.121213,0.800154,0.0,0.0,Normal_Traffic
0,0,0.0,0.0,0.0,0.0,0.0,0.0,0.0,0.0,0.0,0.0,0.0,0.0,0.0,0.0,0.0,0.0,0.0,0.0,0.0,0.0,172.121595,0.000382,0.0,0.0,Normal_Traffic
0,0,0.0,0.0,0.0,0.0,0.0,0.0,0.0,0.0,0.0,0.0,0.0,0.0,0.0,0.0,0.0,0.0,0.0,0.0,0.0,0.0,172.674775,0.55318,0.0,0.0,Normal_Traffic
3232235778,3232235782,84.0,1.0,0.0,0.0,0.0,0.0,64.0,1.0,0.0,0.0,0.0,0.0,0.0,0.0,0.0,0.0,0.0,0.0,0.0,0.0,173.31578,0.641005,0.0,0.0,Normal_Traffic
3232235782,3232235778,84.0,0.0,0.0,0.0,0.0,0.0,64.0,1.0,0.0,0.0,0.0,0.0,0.0,0.0,0.0,0.0,0.0,0.0,0.0,0.0,173.321807,0.006027,0.0,0.0,Normal_Traffic
3232235778,3232235781,84.0,1.0,0.0,0.0,0.0,0.0,64.0,1.0,0.0,0.0,0.0,0.0,0.0,0.0,0.0,0.0,0.0,0.0,0.0,0.0,173.323106,0.001299,0.0,0.0,Normal_Traffic
3232235781,3232235778,84.0,0.0,0.0,0.0,0.0,0.0,128.0,1.0,0.0,0.0,0.0,0.0,0.0,0.0,0.0,0.0,0.0,0.0,0.0,0.0,173.325603,0.002497,0.0,0.0,Normal_Traffic
0,0,0.0,0.0,0.0,0.0,0.0,0.0,0.0,0.0,0.0,0.0,0.0,0.0,0.0,0.0,0.0,0.0,0.0,0.0,0.0,0.0,174.740729,1.415126,0.0,0.0,Normal_Traffic
3232235778,3232235781,84.0,1.0,0.0,0.0,0.0,0.0,64.0,1.0,0.0,0.0,0.0,0.0,0.0,0.0,0.0,0.0,0.0,0.0,0.0,0.0,175.325902,0.585173,0.0,0.0,Normal_Traffic
3232235781,3232235778,84.0,0.0,0.0,0.0,0.0,0.0,128.0,1.0,0.0,0.0,0.0,0.0,0.0,0.0,0.0,0.0,0.0,0.0,0.0,0.0,175.333441,0.007539,0.0,0.0,Normal_Traffic
3232235778,3232235780,84.0,1.0,0.0,0.0,0.0,0.0,64.0,1.0,0.0,0.0,0.0,0.0,0.0,0.0,0.0,0.0,0.0,0.0,0.0,0.0,175.336133,0.002692,0.0,0.0,Normal_Traffic
3232235780,3232235778,84.0,0.0,0.0,0.0,0.0,0.0,64.0,1.0,0.0,0.0,0.0,0.0,0.0,0.0,0.0,0.0,0.0,0.0,0.0,0.0,175.340825,0.004692,0.0,0.0,Normal_Traffic
0,0,0.0,0.0,0.0,0.0,0.0,0.0,0.0,0.0,0.0,0.0,0.0,0.0,0.0,0.0,0.0,0.0,0.0,0.0,0.0,0.0,176.8311,1.490275,0.0,0.0,Normal_Traffic
3232235778,3232235780,84.0,1.0,0.0,0.0,0.0,0.0,64.0,1.0,0.0,0.0,0.0,0.0,0.0,0.0,0.0,0.0,0.0,0.0,0.0,0.0,177.338818,0.507718,0.0,0.0,Normal_Traffic
3232235780,3232235778,84.0,0.0,0.0,0.0,0.0,0.0,64.0,1.0,0.0,0.0,0.0,0.0,0.0,0.0,0.0,0.0,0.0,0.0,0.0,0.0,177.341874,0.003056,0.0,0.0,Normal_Traffic
0,0,0.0,0.0,0.0,0.0,0.0,0.0,0.0,0.0,0.0,0.0,0.0,0.0,0.0,0.0,0.0,0.0,0.0,0.0,0.0,0.0,178.928007,1.586133,0.0,0.0,Normal_Traffic
3232235778,3232235777,84.0,1.0,0.0,0.0,0.0,0.0,64.0,1.0,0.0,0.0,0.0,0.0,0.0,0.0,0.0,0.0,0.0,0.0,0.0,0.0,179.343258,0.415251,0.0,0.0,Normal_Traffic
3232235777,3232235778,84.0,1.0,0.0,0.0,0.0,0.0,255.0,1.0,0.0,0.0,0.0,0.0,0.0,0.0,0.0,0.0,0.0,0.0,0.0,0.0,179.3568,0.013542,0.0,0.0,Normal_Traffic
0,0,0.0,0.0,0.0,0.0,0.0,0.0,0.0,0.0,0.0,0.0,0.0,0.0,0.0,0.0,0.0,0.0,0.0,0.0,0.0,0.0,181.007685,1.650885,0.0,0.0,Normal_Traffic
3232235778,3232235777,84.0,1.0,0.0,0.0,0.0,0.0,64.0,1.0,0.0,0.0,0.0,0.0,0.0,0.0,0.0,0.0,0.0,0.0,0.0,0.0,181.345654,0.337969,0.0,0.0,Normal_Traffic
3232235777,3232235778,84.0,1.0,0.0,0.0,0.0,0.0,255.0,1.0,0.0,0.0,0.0,0.0,0.0,0.0,0.0,0.0,0.0,0.0,0.0,0.0,181.360412,0.014758,0.0,0.0,Normal_Traffic
3232235778,3232235781,84.0,1.0,0.0,0.0,0.0,0.0,64.0,1.0,0.0,0.0,0.0,0.0,0.0,0.0,0.0,0.0,0.0,0.0,0.0,0.0,181.365232,0.00482,0.0,0.0,Normal_Traffic
3232235781,3232235778,84.0,0.0,0.0,0.0,0.0,0.0,128.0,1.0,0.0,0.0,0.0,0.0,0.0,0.0,0.0,0.0,0.0,0.0,0.0,0.0,181.367912,0.00268,0.0,0.0,Normal_Traffic
0,0,0.0,0.0,0.0,0.0,0.0,0.0,0.0,0.0,0.0,0.0,0.0,0.0,0.0,0.0,0.0,0.0,0.0,0.0,0.0,0.0,183.090006,1.722094,0.0,0.0,Normal_Traffic
3232235778,3232235781,84.0,1.0,0.0,0.0,0.0,0.0,64.0,1.0,0.0,0.0,0.0,0.0,0.0,0.0,0.0,0.0,0.0,0.0,0.0,0.0,183.367852,0.277846,0.0,0.0,Normal_Traffic
3232235781,3232235778,84.0,0.0,0.0,0.0,0.0,0.0,128.0,1.0,0.0,0.0,0.0,0.0,0.0,0.0,0.0,0.0,0.0,0.0,0.0,0.0,183.371663,0.003811,0.0,0.0,Normal_Traffic
3232235778,3232235782,84.0,1.0,0.0,0.0,0.0,0.0,64.0,1.0,0.0,0.0,0.0,0.0,0.0,0.0,0.0,0.0,0.0,0.0,0.0,0.0,183.372955,0.001292,0.0,0.0,Normal_Traffic
3232235782,3232235778,84.0,0.0,0.0,0.0,0.0,0.0,64.0,1.0,0.0,0.0,0.0,0.0,0.0,0.0,0.0,0.0,0.0,0.0,0.0,0.0,183.381194,0.008239,0.0,0.0,Normal_Traffic
0,0,0.0,0.0,0.0,0.0,0.0,0.0,0.0,0.0,0.0,0.0,0.0,0.0,0.0,0.0,0.0,0.0,0.0,0.0,0.0,0.0,185.14661,1.765416,0.0,0.0,Normal_Traffic
3232235778,3232235782,84.0,1.0,0.0,0.0,0.0,0.0,64.0,1.0,0.0,0.0,0.0,0.0,0.0,0.0,0.0,0.0,0.0,0.0,0.0,0.0,185.375424,0.228814,0.0,0.0,Normal_Traffic
3232235782,3232235778,84.0,0.0,0.0,0.0,0.0,0.0,64.0,1.0,0.0,0.0,0.0,0.0,0.0,0.0,0.0,0.0,0.0,0.0,0.0,0.0,185.382582,0.007158,0.0,0.0,Normal_Traffic
0,0,0.0,0.0,0.0,0.0,0.0,0.0,0.0,0.0,0.0,0.0,0.0,0.0,0.0,0.0,0.0,0.0,0.0,0.0,0.0,0.0,187.221738,1.839156,0.0,0.0,Normal_Traffic
3232235778,3232235779,84.0,1.0,0.0,0.0,0.0,0.0,64.0,1.0,0.0,0.0,0.0,0.0,0.0,0.0,0.0,0.0,0.0,0.0,0.0,0.0,187.383616,0.161878,0.0,0.0,Normal_Traffic
3232235779,3232235778,84.0,0.0,0.0,0.0,0.0,0.0,128.0,1.0,0.0,0.0,0.0,0.0,0.0,0.0,0.0,0.0,0.0,0.0,0.0,0.0,187.387525,0.003909,0.0,0.0,Normal_Traffic
0,0,0.0,0.0,0.0,0.0,0.0,0.0,0.0,0.0,0.0,0.0,0.0,0.0,0.0,0.0,0.0,0.0,0.0,0.0,0.0,0.0,188.382877,0.995352,0.0,0.0,Normal_Traffic
0,0,0.0,0.0,0.0,0.0,0.0,0.0,0.0,0.0,0.0,0.0,0.0,0.0,0.0,0.0,0.0,0.0,0.0,0.0,0.0,0.0,188.383411,0.000534,0.0,0.0,Normal_Traffic
0,0,0.0,0.0,0.0,0.0,0.0,0.0,0.0,0.0,0.0,0.0,0.0,0.0,0.0,0.0,0.0,0.0,0.0,0.0,0.0,0.0,189.299529,0.916118,0.0,0.0,Normal_Traffic
3232235778,3232235779,84.0,1.0,0.0,0.0,0.0,0.0,64.0,1.0,0.0,0.0,0.0,0.0,0.0,0.0,0.0,0.0,0.0,0.0,0.0,0.0,189.385722,0.086193,0.0,0.0,Normal_Traffic
3232235779,3232235778,84.0,0.0,0.0,0.0,0.0,0.0,128.0,1.0,0.0,0.0,0.0,0.0,0.0,0.0,0.0,0.0,0.0,0.0,0.0,0.0,189.390108,0.004386,0.0,0.0,Normal_Traffic
3232235778,3232235777,84.0,1.0,0.0,0.0,0.0,0.0,64.0,1.0,0.0,0.0,0.0,0.0,0.0,0.0,0.0,0.0,0.0,0.0,0.0,0.0,189.391897,0.001789,0.0,0.0,Normal_Traffic
3232235777,3232235778,84.0,1.0,0.0,0.0,0.0,0.0,255.0,1.0,0.0,0.0,0.0,0.0,0.0,0.0,0.0,0.0,0.0,0.0,0.0,0.0,189.413376,0.021479,0.0,0.0,Normal_Traffic
0,0,0.0,0.0,0.0,0.0,0.0,0.0,0.0,0.0,0.0,0.0,0.0,0.0,0.0,0.0,0.0,0.0,0.0,0.0,0.0,0.0,190.058859,0.645483,0.0,0.0,Normal_Traffic
0,0,0.0,0.0,0.0,0.0,0.0,0.0,0.0,0.0,0.0,0.0,0.0,0.0,0.0,0.0,0.0,0.0,0.0,0.0,0.0,0.0,190.067628,0.008769,0.0,0.0,Normal_Traffic
3232235778,3232235777,84.0,1.0,0.0,0.0,0.0,0.0,64.0,1.0,0.0,0.0,0.0,0.0,0.0,0.0,0.0,0.0,0.0,0.0,0.0,0.0,191.394476,1.326848,0.0,0.0,Normal_Traffic
3232235777,3232235778,84.0,1.0,0.0,0.0,0.0,0.0,255.0,1.0,0.0,0.0,0.0,0.0,0.0,0.0,0.0,0.0,0.0,0.0,0.0,0.0,191.400356,0.00588,0.0,0.0,Normal_Traffic
3232235778,3232235780,84.0,1.0,0.0,0.0,0.0,0.0,64.0,1.0,0.0,0.0,0.0,0.0,0.0,0.0,0.0,0.0,0.0,0.0,0.0,0.0,191.401782,0.001426,0.0,0.0,Normal_Traffic
3232235780,3232235778,84.0,0.0,0.0,0.0,0.0,0.0,64.0,1.0,0.0,0.0,0.0,0.0,0.0,0.0,0.0,0.0,0.0,0.0,0.0,0.0,191.40418,0.002398,0.0,0.0,Normal_Traffic
0,0,0.0,0.0,0.0,0.0,0.0,0.0,0.0,0.0,0.0,0.0,0.0,0.0,0.0,0.0,0.0,0.0,0.0,0.0,0.0,0.0,191.418666,0.014486,0.0,0.0,Normal_Traffic
0,0,0.0,0.0,0.0,0.0,0.0,0.0,0.0,0.0,0.0,0.0,0.0,0.0,0.0,0.0,0.0,0.0,0.0,0.0,0.0,0.0,191.59838,0.179714,0.0,0.0,Normal_Traffic
3232235778,3232235780,84.0,1.0,0.0,0.0,0.0,0.0,64.0,1.0,0.0,0.0,0.0,0.0,0.0,0.0,0.0,0.0,0.0,0.0,0.0,0.0,193.404844,1.806464,0.0,0.0,Normal_Traffic
3232235780,3232235778,84.0,0.0,0.0,0.0,0.0,0.0,64.0,1.0,0.0,0.0,0.0,0.0,0.0,0.0,0.0,0.0,0.0,0.0,0.0,0.0,193.409863,0.005019,0.0,0.0,Normal_Traffic
3232235778,3232235780,84.0,1.0,0.0,0.0,0.0,0.0,64.0,1.0,0.0,0.0,0.0,0.0,0.0,0.0,0.0,0.0,0.0,0.0,0.0,0.0,193.413944,0.004081,0.0,0.0,Normal_Traffic
3232235780,3232235778,84.0,0.0,0.0,0.0,0.0,0.0,64.0,1.0,0.0,0.0,0.0,0.0,0.0,0.0,0.0,0.0,0.0,0.0,0.0,0.0,193.418112,0.004168,0.0,0.0,Normal_Traffic
0,0,0.0,0.0,0.0,0.0,0.0,0.0,0.0,0.0,0.0,0.0,0.0,0.0,0.0,0.0,0.0,0.0,0.0,0.0,0.0,0.0,193.537416,0.119304,0.0,0.0,Normal_Traffic
3232235778,3232235780,84.0,1.0,0.0,0.0,0.0,0.0,64.0,1.0,0.0,0.0,0.0,0.0,0.0,0.0,0.0,0.0,0.0,0.0,0.0,0.0,195.417645,1.880229,0.0,0.0,Normal_Traffic
3232235780,3232235778,84.0,0.0,0.0,0.0,0.0,0.0,64.0,1.0,0.0,0.0,0.0,0.0,0.0,0.0,0.0,0.0,0.0,0.0,0.0,0.0,195.421833,0.004188,0.0,0.0,Normal_Traffic
3232235778,3232235779,84.0,1.0,0.0,0.0,0.0,0.0,64.0,1.0,0.0,0.0,0.0,0.0,0.0,0.0,0.0,0.0,0.0,0.0,0.0,0.0,195.424208,0.002375,0.0,0.0,Normal_Traffic
3232235779,3232235778,84.0,0.0,0.0,0.0,0.0,0.0,128.0,1.0,0.0,0.0,0.0,0.0,0.0,0.0,0.0,0.0,0.0,0.0,0.0,0.0,195.430287,0.006079,0.0,0.0,Normal_Traffic
0,0,0.0,0.0,0.0,0.0,0.0,0.0,0.0,0.0,0.0,0.0,0.0,0.0,0.0,0.0,0.0,0.0,0.0,0.0,0.0,0.0,195.613236,0.182949,0.0,0.0,Normal_Traffic
0,0,0.0,0.0,0.0,0.0,0.0,0.0,0.0,0.0,0.0,0.0,0.0,0.0,0.0,0.0,0.0,0.0,0.0,0.0,0.0,0.0,195.875974,0.262738,0.0,0.0,Normal_Traffic
3232235778,3232235779,84.0,1.0,0.0,0.0,0.0,0.0,64.0,1.0,0.0,0.0,0.0,0.0,0.0,0.0,0.0,0.0,0.0,0.0,0.0,0.0,197.426796,1.550822,0.0,0.0,Normal_Traffic
3232235779,3232235778,84.0,0.0,0.0,0.0,0.0,0.0,128.0,1.0,0.0,0.0,0.0,0.0,0.0,0.0,0.0,0.0,0.0,0.0,0.0,0.0,197.430955,0.004159,0.0,0.0,Normal_Traffic
3232235778,3232235781,84.0,1.0,0.0,0.0,0.0,0.0,64.0,1.0,0.0,0.0,0.0,0.0,0.0,0.0,0.0,0.0,0.0,0.0,0.0,0.0,197.43228,0.001325,0.0,0.0,Normal_Traffic
3232235781,3232235778,84.0,0.0,0.0,0.0,0.0,0.0,128.0,1.0,0.0,0.0,0.0,0.0,0.0,0.0,0.0,0.0,0.0,0.0,0.0,0.0,197.438208,0.005928,0.0,0.0,Normal_Traffic
0,0,0.0,0.0,0.0,0.0,0.0,0.0,0.0,0.0,0.0,0.0,0.0,0.0,0.0,0.0,0.0,0.0,0.0,0.0,0.0,0.0,197.726406,0.288198,0.0,0.0,Normal_Traffic
3232235778,3232235781,84.0,1.0,0.0,0.0,0.0,0.0,64.0,1.0,0.0,0.0,0.0,0.0,0.0,0.0,0.0,0.0,0.0,0.0,0.0,0.0,199.436079,1.709673,0.0,0.0,Normal_Traffic
3232235781,3232235778,84.0,0.0,0.0,0.0,0.0,0.0,128.0,1.0,0.0,0.0,0.0,0.0,0.0,0.0,0.0,0.0,0.0,0.0,0.0,0.0,199.444224,0.008145,0.0,0.0,Normal_Traffic
3232235778,3232235782,84.0,1.0,0.0,0.0,0.0,0.0,64.0,1.0,0.0,0.0,0.0,0.0,0.0,0.0,0.0,0.0,0.0,0.0,0.0,0.0,199.446954,0.00273,0.0,0.0,Normal_Traffic
3232235782,3232235778,84.0,0.0,0.0,0.0,0.0,0.0,64.0,1.0,0.0,0.0,0.0,0.0,0.0,0.0,0.0,0.0,0.0,0.0,0.0,0.0,199.456512,0.009558,0.0,0.0,Normal_Traffic
0,0,0.0,0.0,0.0,0.0,0.0,0.0,0.0,0.0,0.0,0.0,0.0,0.0,0.0,0.0,0.0,0.0,0.0,0.0,0.0,0.0,199.79849,0.341978,0.0,0.0,Normal_Traffic
0,0,0.0,0.0,0.0,0.0,0.0,0.0,0.0,0.0,0.0,0.0,0.0,0.0,0.0,0.0,0.0,0.0,0.0,0.0,0.0,0.0,200.269375,0.470885,0.0,0.0,Normal_Traffic
0,0,0.0,0.0,0.0,0.0,0.0,0.0,0.0,0.0,0.0,0.0,0.0,0.0,0.0,0.0,0.0,0.0,0.0,0.0,0.0,0.0,200.269719,0.000344,0.0,0.0,Normal_Traffic
3232235778,3232235782,84.0,1.0,0.0,0.0,0.0,0.0,64.0,1.0,0.0,0.0,0.0,0.0,0.0,0.0,0.0,0.0,0.0,0.0,0.0,0.0,201.449879,1.18016,0.0,0.0,Normal_Traffic
3232235782,3232235778,84.0,0.0,0.0,0.0,0.0,0.0,64.0,1.0,0.0,0.0,0.0,0.0,0.0,0.0,0.0,0.0,0.0,0.0,0.0,0.0,201.455858,0.005979,0.0,0.0,Normal_Traffic
0,0,0.0,0.0,0.0,0.0,0.0,0.0,0.0,0.0,0.0,0.0,0.0,0.0,0.0,0.0,0.0,0.0,0.0,0.0,0.0,0.0,201.890848,0.43499,0.0,0.0,Normal_Traffic
3232235778,3232235777,84.0,1.0,0.0,0.0,0.0,0.0,64.0,1.0,0.0,0.0,0.0,0.0,0.0,0.0,0.0,0.0,0.0,0.0,0.0,0.0,203.45817,1.567322,0.0,0.0,Normal_Traffic
3232235777,3232235778,84.0,1.0,0.0,0.0,0.0,0.0,255.0,1.0,0.0,0.0,0.0,0.0,0.0,0.0,0.0,0.0,0.0,0.0,0.0,0.0,203.476261,0.018091,0.0,0.0,Normal_Traffic
0,0,0.0,0.0,0.0,0.0,0.0,0.0,0.0,0.0,0.0,0.0,0.0,0.0,0.0,0.0,0.0,0.0,0.0,0.0,0.0,0.0,203.987783,0.511522,0.0,0.0,Normal_Traffic
3232235778,3232235777,84.0,1.0,0.0,0.0,0.0,0.0,64.0,1.0,0.0,0.0,0.0,0.0,0.0,0.0,0.0,0.0,0.0,0.0,0.0,0.0,205.460648,1.472865,0.0,0.0,Normal_Traffic
3232235777,3232235778,84.0,1.0,0.0,0.0,0.0,0.0,255.0,1.0,0.0,0.0,0.0,0.0,0.0,0.0,0.0,0.0,0.0,0.0,0.0,0.0,205.46787,0.007222,0.0,0.0,Normal_Traffic
3232235778,3232235777,84.0,1.0,0.0,0.0,0.0,0.0,64.0,1.0,0.0,0.0,0.0,0.0,0.0,0.0,0.0,0.0,0.0,0.0,0.0,0.0,205.471302,0.003432,0.0,0.0,Normal_Traffic
3232235777,3232235778,84.0,1.0,0.0,0.0,0.0,0.0,255.0,1.0,0.0,0.0,0.0,0.0,0.0,0.0,0.0,0.0,0.0,0.0,0.0,0.0,205.47745,0.006148,0.0,0.0,Normal_Traffic
0,0,0.0,0.0,0.0,0.0,0.0,0.0,0.0,0.0,0.0,0.0,0.0,0.0,0.0,0.0,0.0,0.0,0.0,0.0,0.0,0.0,206.051098,0.573648,0.0,0.0,Normal_Traffic
3232235778,3232235777,84.0,1.0,0.0,0.0,0.0,0.0,64.0,1.0,0.0,0.0,0.0,0.0,0.0,0.0,0.0,0.0,0.0,0.0,0.0,0.0,207.473932,1.422834,0.0,0.0,Normal_Traffic
3232235777,3232235778,84.0,1.0,0.0,0.0,0.0,0.0,255.0,1.0,0.0,0.0,0.0,0.0,0.0,0.0,0.0,0.0,0.0,0.0,0.0,0.0,207.48812,0.014188,0.0,0.0,Normal_Traffic
3232235778,3232235779,84.0,1.0,0.0,0.0,0.0,0.0,64.0,1.0,0.0,0.0,0.0,0.0,0.0,0.0,0.0,0.0,0.0,0.0,0.0,0.0,207.48968,0.00156,0.0,0.0,Normal_Traffic
3232235779,3232235778,84.0,0.0,0.0,0.0,0.0,0.0,128.0,1.0,0.0,0.0,0.0,0.0,0.0,0.0,0.0,0.0,0.0,0.0,0.0,0.0,207.492814,0.003134,0.0,0.0,Normal_Traffic
0,0,0.0,0.0,0.0,0.0,0.0,0.0,0.0,0.0,0.0,0.0,0.0,0.0,0.0,0.0,0.0,0.0,0.0,0.0,0.0,0.0,208.182702,0.689888,0.0,0.0,Normal_Traffic
3232235778,3232235779,84.0,1.0,0.0,0.0,0.0,0.0,64.0,1.0,0.0,0.0,0.0,0.0,0.0,0.0,0.0,0.0,0.0,0.0,0.0,0.0,209.492164,1.309462,0.0,0.0,Normal_Traffic
3232235779,3232235778,84.0,0.0,0.0,0.0,0.0,0.0,128.0,1.0,0.0,0.0,0.0,0.0,0.0,0.0,0.0,0.0,0.0,0.0,0.0,0.0,209.495212,0.003048,0.0,0.0,Normal_Traffic
3232235778,3232235780,84.0,1.0,0.0,0.0,0.0,0.0,64.0,1.0,0.0,0.0,0.0,0.0,0.0,0.0,0.0,0.0,0.0,0.0,0.0,0.0,209.496499,0.001287,0.0,0.0,Normal_Traffic
3232235780,3232235778,84.0,0.0,0.0,0.0,0.0,0.0,64.0,1.0,0.0,0.0,0.0,0.0,0.0,0.0,0.0,0.0,0.0,0.0,0.0,0.0,209.50175,0.005251,0.0,0.0,Normal_Traffic
0,0,0.0,0.0,0.0,0.0,0.0,0.0,0.0,0.0,0.0,0.0,0.0,0.0,0.0,0.0,0.0,0.0,0.0,0.0,0.0,0.0,210.255412,0.753662,0.0,0.0,Normal_Traffic
3232235778,3232235780,84.0,1.0,0.0,0.0,0.0,0.0,64.0,1.0,0.0,0.0,0.0,0.0,0.0,0.0,0.0,0.0,0.0,0.0,0.0,0.0,211.498612,1.2432,0.0,0.0,Normal_Traffic
3232235780,3232235778,84.0,0.0,0.0,0.0,0.0,0.0,64.0,1.0,0.0,0.0,0.0,0.0,0.0,0.0,0.0,0.0,0.0,0.0,0.0,0.0,211.501755,0.003143,0.0,0.0,Normal_Traffic
3232235778,3232235782,84.0,1.0,0.0,0.0,0.0,0.0,64.0,1.0,0.0,0.0,0.0,0.0,0.0,0.0,0.0,0.0,0.0,0.0,0.0,0.0,211.509844,0.008089,0.0,0.0,Normal_Traffic
3232235782,3232235778,84.0,0.0,0.0,0.0,0.0,0.0,64.0,1.0,0.0,0.0,0.0,0.0,0.0,0.0,0.0,0.0,0.0,0.0,0.0,0.0,211.525406,0.015562,0.0,0.0,Normal_Traffic
0,0,0.0,0.0,0.0,0.0,0.0,0.0,0.0,0.0,0.0,0.0,0.0,0.0,0.0,0.0,0.0,0.0,0.0,0.0,0.0,0.0,212.374607,0.849201,0.0,0.0,Normal_Traffic
3232235778,3232235782,84.0,1.0,0.0,0.0,0.0,0.0,64.0,1.0,0.0,0.0,0.0,0.0,0.0,0.0,0.0,0.0,0.0,0.0,0.0,0.0,213.512438,1.137831,0.0,0.0,Normal_Traffic
3232235782,3232235778,84.0,0.0,0.0,0.0,0.0,0.0,64.0,1.0,0.0,0.0,0.0,0.0,0.0,0.0,0.0,0.0,0.0,0.0,0.0,0.0,213.518326,0.005888,0.0,0.0,Normal_Traffic
0,0,0.0,0.0,0.0,0.0,0.0,0.0,0.0,0.0,0.0,0.0,0.0,0.0,0.0,0.0,0.0,0.0,0.0,0.0,0.0,0.0,214.432336,0.91401,0.0,0.0,Normal_Traffic
0,0,0.0,0.0,0.0,0.0,0.0,0.0,0.0,0.0,0.0,0.0,0.0,0.0,0.0,0.0,0.0,0.0,0.0,0.0,0.0,0.0,214.637811,0.205475,0.0,0.0,Normal_Traffic
0,0,0.0,0.0,0.0,0.0,0.0,0.0,0.0,0.0,0.0,0.0,0.0,0.0,0.0,0.0,0.0,0.0,0.0,0.0,0.0,0.0,214.638192,0.000381,0.0,0.0,Normal_Traffic
3232235778,3232235781,84.0,1.0,0.0,0.0,0.0,0.0,64.0,1.0,0.0,0.0,0.0,0.0,0.0,0.0,0.0,0.0,0.0,0.0,0.0,0.0,215.519281,0.881089,0.0,0.0,Normal_Traffic
3232235781,3232235778,84.0,0.0,0.0,0.0,0.0,0.0,128.0,1.0,0.0,0.0,0.0,0.0,0.0,0.0,0.0,0.0,0.0,0.0,0.0,0.0,215.525831,0.00655,0.0,0.0,Normal_Traffic
0,0,0.0,0.0,0.0,0.0,0.0,0.0,0.0,0.0,0.0,0.0,0.0,0.0,0.0,0.0,0.0,0.0,0.0,0.0,0.0,0.0,216.507472,0.981641,0.0,0.0,Normal_Traffic
0,0,0.0,0.0,0.0,0.0,0.0,0.0,0.0,0.0,0.0,0.0,0.0,0.0,0.0,0.0,0.0,0.0,0.0,0.0,0.0,0.0,216.52001,0.012538,0.0,0.0,Normal_Traffic
0,0,0.0,0.0,0.0,0.0,0.0,0.0,0.0,0.0,0.0,0.0,0.0,0.0,0.0,0.0,0.0,0.0,0.0,0.0,0.0,0.0,216.520375,0.000365,0.0,0.0,Normal_Traffic
3232235778,3232235781,84.0,1.0,0.0,0.0,0.0,0.0,64.0,1.0,0.0,0.0,0.0,0.0,0.0,0.0,0.0,0.0,0.0,0.0,0.0,0.0,217.521681,1.001306,0.0,0.0,Normal_Traffic
3232235781,3232235778,84.0,0.0,0.0,0.0,0.0,0.0,128.0,1.0,0.0,0.0,0.0,0.0,0.0,0.0,0.0,0.0,0.0,0.0,0.0,0.0,217.524605,0.002924,0.0,0.0,Normal_Traffic
3232235778,3232235780,84.0,1.0,0.0,0.0,0.0,0.0,64.0,1.0,0.0,0.0,0.0,0.0,0.0,0.0,0.0,0.0,0.0,0.0,0.0,0.0,217.527981,0.003376,0.0,0.0,Normal_Traffic
3232235780,3232235778,84.0,0.0,0.0,0.0,0.0,0.0,64.0,1.0,0.0,0.0,0.0,0.0,0.0,0.0,0.0,0.0,0.0,0.0,0.0,0.0,217.533807,0.005826,0.0,0.0,Normal_Traffic
0,0,0.0,0.0,0.0,0.0,0.0,0.0,0.0,0.0,0.0,0.0,0.0,0.0,0.0,0.0,0.0,0.0,0.0,0.0,0.0,0.0,218.651485,1.117678,0.0,0.0,Normal_Traffic
3232235778,3232235780,84.0,1.0,0.0,0.0,0.0,0.0,64.0,1.0,0.0,0.0,0.0,0.0,0.0,0.0,0.0,0.0,0.0,0.0,0.0,0.0,219.530253,0.878768,0.0,0.0,Normal_Traffic
3232235780,3232235778,84.0,0.0,0.0,0.0,0.0,0.0,64.0,1.0,0.0,0.0,0.0,0.0,0.0,0.0,0.0,0.0,0.0,0.0,0.0,0.0,219.533174,0.002921,0.0,0.0,Normal_Traffic
3232235778,3232235777,84.0,1.0,0.0,0.0,0.0,0.0,64.0,1.0,0.0,0.0,0.0,0.0,0.0,0.0,0.0,0.0,0.0,0.0,0.0,0.0,219.534462,0.001288,0.0,0.0,Normal_Traffic
3232235777,3232235778,84.0,1.0,0.0,0.0,0.0,0.0,255.0,1.0,0.0,0.0,0.0,0.0,0.0,0.0,0.0,0.0,0.0,0.0,0.0,0.0,219.550604,0.016142,0.0,0.0,Normal_Traffic
0,0,0.0,0.0,0.0,0.0,0.0,0.0,0.0,0.0,0.0,0.0,0.0,0.0,0.0,0.0,0.0,0.0,0.0,0.0,0.0,0.0,220.130037,0.579433,0.0,0.0,Normal_Traffic
0,0,0.0,0.0,0.0,0.0,0.0,0.0,0.0,0.0,0.0,0.0,0.0,0.0,0.0,0.0,0.0,0.0,0.0,0.0,0.0,0.0,220.130405,0.000368,0.0,0.0,Normal_Traffic
0,0,0.0,0.0,0.0,0.0,0.0,0.0,0.0,0.0,0.0,0.0,0.0,0.0,0.0,0.0,0.0,0.0,0.0,0.0,0.0,0.0,220.75511,0.624705,0.0,0.0,Normal_Traffic
0,0,0.0,0.0,0.0,0.0,0.0,0.0,0.0,0.0,0.0,0.0,0.0,0.0,0.0,0.0,0.0,0.0,0.0,0.0,0.0,0.0,221.187408,0.432298,0.0,0.0,Normal_Traffic
0,0,0.0,0.0,0.0,0.0,0.0,0.0,0.0,0.0,0.0,0.0,0.0,0.0,0.0,0.0,0.0,0.0,0.0,0.0,0.0,0.0,221.191336,0.003928,0.0,0.0,Normal_Traffic
3232235778,3232235777,84.0,1.0,0.0,0.0,0.0,0.0,64.0,1.0,0.0,0.0,0.0,0.0,0.0,0.0,0.0,0.0,0.0,0.0,0.0,0.0,221.537308,0.345972,0.0,0.0,Normal_Traffic
3232235777,3232235778,84.0,1.0,0.0,0.0,0.0,0.0,255.0,1.0,0.0,0.0,0.0,0.0,0.0,0.0,0.0,0.0,0.0,0.0,0.0,0.0,221.551064,0.013756,0.0,0.0,Normal_Traffic
3232235778,3232235782,84.0,1.0,0.0,0.0,0.0,0.0,64.0,1.0,0.0,0.0,0.0,0.0,0.0,0.0,0.0,0.0,0.0,0.0,0.0,0.0,221.552529,0.001465,0.0,0.0,Normal_Traffic
3232235782,3232235778,84.0,0.0,0.0,0.0,0.0,0.0,64.0,1.0,0.0,0.0,0.0,0.0,0.0,0.0,0.0,0.0,0.0,0.0,0.0,0.0,221.557114,0.004585,0.0,0.0,Normal_Traffic
0,0,0.0,0.0,0.0,0.0,0.0,0.0,0.0,0.0,0.0,0.0,0.0,0.0,0.0,0.0,0.0,0.0,0.0,0.0,0.0,5353.0,221.606872,0.049758,0.0,0.0,Normal_Traffic
0,0,0.0,0.0,0.0,0.0,0.0,0.0,0.0,0.0,0.0,0.0,0.0,0.0,0.0,0.0,0.0,0.0,0.0,0.0,0.0,0.0,222.891694,1.284822,0.0,0.0,Normal_Traffic
3232235778,3232235782,84.0,1.0,0.0,0.0,0.0,0.0,64.0,1.0,0.0,0.0,0.0,0.0,0.0,0.0,0.0,0.0,0.0,0.0,0.0,0.0,223.555247,0.663553,0.0,0.0,Normal_Traffic
3232235782,3232235778,84.0,0.0,0.0,0.0,0.0,0.0,64.0,1.0,0.0,0.0,0.0,0.0,0.0,0.0,0.0,0.0,0.0,0.0,0.0,0.0,223.563531,0.008284,0.0,0.0,Normal_Traffic
0,0,0.0,0.0,0.0,0.0,0.0,0.0,0.0,0.0,0.0,0.0,0.0,0.0,0.0,0.0,0.0,0.0,0.0,0.0,0.0,0.0,224.993106,1.429575,0.0,0.0,Normal_Traffic
3232235778,3232235781,84.0,1.0,0.0,0.0,0.0,0.0,64.0,1.0,0.0,0.0,0.0,0.0,0.0,0.0,0.0,0.0,0.0,0.0,0.0,0.0,225.567302,0.574196,0.0,0.0,Normal_Traffic
3232235781,3232235778,84.0,0.0,0.0,0.0,0.0,0.0,128.0,1.0,0.0,0.0,0.0,0.0,0.0,0.0,0.0,0.0,0.0,0.0,0.0,0.0,225.573338,0.006036,0.0,0.0,Normal_Traffic
0,0,0.0,0.0,0.0,0.0,0.0,0.0,0.0,0.0,0.0,0.0,0.0,0.0,0.0,0.0,0.0,0.0,0.0,0.0,0.0,0.0,227.076917,1.503579,0.0,0.0,Normal_Traffic
3232235778,3232235781,84.0,1.0,0.0,0.0,0.0,0.0,64.0,1.0,0.0,0.0,0.0,0.0,0.0,0.0,0.0,0.0,0.0,0.0,0.0,0.0,227.570284,0.493367,0.0,0.0,Normal_Traffic
3232235781,3232235778,84.0,0.0,0.0,0.0,0.0,0.0,128.0,1.0,0.0,0.0,0.0,0.0,0.0,0.0,0.0,0.0,0.0,0.0,0.0,0.0,227.573068,0.002784,0.0,0.0,Normal_Traffic
3232235778,3232235779,84.0,1.0,0.0,0.0,0.0,0.0,64.0,1.0,0.0,0.0,0.0,0.0,0.0,0.0,0.0,0.0,0.0,0.0,0.0,0.0,227.574357,0.001289,0.0,0.0,Normal_Traffic
3232235779,3232235778,84.0,0.0,0.0,0.0,0.0,0.0,128.0,1.0,0.0,0.0,0.0,0.0,0.0,0.0,0.0,0.0,0.0,0.0,0.0,0.0,227.579002,0.004645,0.0,0.0,Normal_Traffic
0,0,0.0,0.0,0.0,0.0,0.0,0.0,0.0,0.0,0.0,0.0,0.0,0.0,0.0,0.0,0.0,0.0,0.0,0.0,0.0,0.0,229.178027,1.599025,0.0,0.0,Normal_Traffic
3232235778,3232235779,84.0,1.0,0.0,0.0,0.0,0.0,64.0,1.0,0.0,0.0,0.0,0.0,0.0,0.0,0.0,0.0,0.0,0.0,0.0,0.0,229.57786,0.399833,0.0,0.0,Normal_Traffic
3232235779,3232235778,84.0,0.0,0.0,0.0,0.0,0.0,128.0,1.0,0.0,0.0,0.0,0.0,0.0,0.0,0.0,0.0,0.0,0.0,0.0,0.0,229.581281,0.003421,0.0,0.0,Normal_Traffic
0,0,0.0,0.0,0.0,0.0,0.0,0.0,0.0,0.0,0.0,0.0,0.0,0.0,0.0,0.0,0.0,0.0,0.0,0.0,0.0,0.0,231.236756,1.655475,0.0,0.0,Normal_Traffic
3232235778,3232235780,84.0,1.0,0.0,0.0,0.0,0.0,64.0,1.0,0.0,0.0,0.0,0.0,0.0,0.0,0.0,0.0,0.0,0.0,0.0,0.0,231.584936,0.34818,0.0,0.0,Normal_Traffic
3232235780,3232235778,84.0,0.0,0.0,0.0,0.0,0.0,64.0,1.0,0.0,0.0,0.0,0.0,0.0,0.0,0.0,0.0,0.0,0.0,0.0,0.0,231.5875,0.002564,0.0,0.0,Normal_Traffic
0,0,0.0,0.0,0.0,0.0,0.0,0.0,0.0,0.0,0.0,0.0,0.0,0.0,0.0,0.0,0.0,0.0,0.0,0.0,0.0,0.0,233.326746,1.739246,0.0,0.0,Normal_Traffic
3232235778,3232235780,84.0,1.0,0.0,0.0,0.0,0.0,64.0,1.0,0.0,0.0,0.0,0.0,0.0,0.0,0.0,0.0,0.0,0.0,0.0,0.0,233.586928,0.260182,0.0,0.0,Normal_Traffic
3232235780,3232235778,84.0,0.0,0.0,0.0,0.0,0.0,64.0,1.0,0.0,0.0,0.0,0.0,0.0,0.0,0.0,0.0,0.0,0.0,0.0,0.0,233.589374,0.002446,0.0,0.0,Normal_Traffic
3232235778,3232235779,84.0,1.0,0.0,0.0,0.0,0.0,64.0,1.0,0.0,0.0,0.0,0.0,0.0,0.0,0.0,0.0,0.0,0.0,0.0,0.0,233.590909,0.001535,0.0,0.0,Normal_Traffic
3232235779,3232235778,84.0,0.0,0.0,0.0,0.0,0.0,128.0,1.0,0.0,0.0,0.0,0.0,0.0,0.0,0.0,0.0,0.0,0.0,0.0,0.0,233.595198,0.004289,0.0,0.0,Normal_Traffic
0,0,0.0,0.0,0.0,0.0,0.0,0.0,0.0,0.0,0.0,0.0,0.0,0.0,0.0,0.0,0.0,0.0,0.0,0.0,0.0,0.0,235.393971,1.798773,0.0,0.0,Normal_Traffic
3232235778,3232235779,84.0,1.0,0.0,0.0,0.0,0.0,64.0,1.0,0.0,0.0,0.0,0.0,0.0,0.0,0.0,0.0,0.0,0.0,0.0,0.0,235.605734,0.211763,0.0,0.0,Normal_Traffic
3232235779,3232235778,84.0,0.0,0.0,0.0,0.0,0.0,128.0,1.0,0.0,0.0,0.0,0.0,0.0,0.0,0.0,0.0,0.0,0.0,0.0,0.0,235.615745,0.010011,0.0,0.0,Normal_Traffic
3232235778,3232235782,84.0,1.0,0.0,0.0,0.0,0.0,64.0,1.0,0.0,0.0,0.0,0.0,0.0,0.0,0.0,0.0,0.0,0.0,0.0,0.0,235.622313,0.006568,0.0,0.0,Normal_Traffic
3232235782,3232235778,84.0,0.0,0.0,0.0,0.0,0.0,64.0,1.0,0.0,0.0,0.0,0.0,0.0,0.0,0.0,0.0,0.0,0.0,0.0,0.0,235.635288,0.012975,0.0,0.0,Normal_Traffic
0,0,0.0,0.0,0.0,0.0,0.0,0.0,0.0,0.0,0.0,0.0,0.0,0.0,0.0,0.0,0.0,0.0,0.0,0.0,0.0,0.0,237.502279,1.866991,0.0,0.0,Normal_Traffic
3232235778,3232235782,84.0,1.0,0.0,0.0,0.0,0.0,64.0,1.0,0.0,0.0,0.0,0.0,0.0,0.0,0.0,0.0,0.0,0.0,0.0,0.0,237.631846,0.129567,0.0,0.0,Normal_Traffic
3232235782,3232235778,84.0,0.0,0.0,0.0,0.0,0.0,64.0,1.0,0.0,0.0,0.0,0.0,0.0,0.0,0.0,0.0,0.0,0.0,0.0,0.0,237.638842,0.006996,0.0,0.0,Normal_Traffic
3232235778,3232235777,84.0,1.0,0.0,0.0,0.0,0.0,64.0,1.0,0.0,0.0,0.0,0.0,0.0,0.0,0.0,0.0,0.0,0.0,0.0,0.0,237.640102,0.00126,0.0,0.0,Normal_Traffic
3232235777,3232235778,84.0,1.0,0.0,0.0,0.0,0.0,255.0,1.0,0.0,0.0,0.0,0.0,0.0,0.0,0.0,0.0,0.0,0.0,0.0,0.0,237.658505,0.018403,0.0,0.0,Normal_Traffic
0,0,0.0,0.0,0.0,0.0,0.0,0.0,0.0,0.0,0.0,0.0,0.0,0.0,0.0,0.0,0.0,0.0,0.0,0.0,0.0,0.0,239.572322,1.913817,0.0,0.0,Normal_Traffic
3232235778,3232235777,84.0,1.0,0.0,0.0,0.0,0.0,64.0,1.0,0.0,0.0,0.0,0.0,0.0,0.0,0.0,0.0,0.0,0.0,0.0,0.0,239.643325,0.071003,0.0,0.0,Normal_Traffic
3232235777,3232235778,84.0,1.0,0.0,0.0,0.0,0.0,255.0,1.0,0.0,0.0,0.0,0.0,0.0,0.0,0.0,0.0,0.0,0.0,0.0,0.0,239.660227,0.016902,0.0,0.0,Normal_Traffic
3232235778,3232235781,84.0,1.0,0.0,0.0,0.0,0.0,64.0,1.0,0.0,0.0,0.0,0.0,0.0,0.0,0.0,0.0,0.0,0.0,0.0,0.0,239.661772,0.001545,0.0,0.0,Normal_Traffic
3232235781,3232235778,84.0,0.0,0.0,0.0,0.0,0.0,128.0,1.0,0.0,0.0,0.0,0.0,0.0,0.0,0.0,0.0,0.0,0.0,0.0,0.0,239.664824,0.003052,0.0,0.0,Normal_Traffic
0,0,0.0,0.0,0.0,0.0,0.0,0.0,0.0,0.0,0.0,0.0,0.0,0.0,0.0,0.0,0.0,0.0,0.0,0.0,0.0,0.0,240.630247,0.965423,0.0,0.0,Normal_Traffic
0,0,0.0,0.0,0.0,0.0,0.0,0.0,0.0,0.0,0.0,0.0,0.0,0.0,0.0,0.0,0.0,0.0,0.0,0.0,0.0,0.0,240.630649,0.000402,0.0,0.0,Normal_Traffic
3232235780,3758096635,73.0,1.0,0.0,0.0,0.0,0.0,255.0,17.0,0.0,0.0,0.0,0.0,0.0,0.0,0.0,0.0,0.0,0.0,0.0,5353.0,240.779978,0.149329,0.0,0.0,Normal_Traffic
3232235783,3232236031,229.0,0.0,0.0,0.0,0.0,0.0,128.0,17.0,0.0,0.0,0.0,0.0,0.0,0.0,0.0,0.0,0.0,0.0,0.0,138.0,241.35391,0.573932,0.0,0.0,Normal_Traffic
0,0,0.0,0.0,0.0,0.0,0.0,0.0,0.0,0.0,0.0,0.0,0.0,0.0,0.0,0.0,0.0,0.0,0.0,0.0,0.0,0.0,241.368943,0.015033,0.0,0.0,Normal_Traffic
3232235778,3232235781,84.0,1.0,0.0,0.0,0.0,0.0,64.0,1.0,0.0,0.0,0.0,0.0,0.0,0.0,0.0,0.0,0.0,0.0,0.0,0.0,241.664114,0.295171,0.0,0.0,Normal_Traffic
3232235781,3232235778,84.0,0.0,0.0,0.0,0.0,0.0,128.0,1.0,0.0,0.0,0.0,0.0,0.0,0.0,0.0,0.0,0.0,0.0,0.0,0.0,241.667851,0.003737,0.0,0.0,Normal_Traffic
3232235778,3232235782,84.0,1.0,0.0,0.0,0.0,0.0,64.0,1.0,0.0,0.0,0.0,0.0,0.0,0.0,0.0,0.0,0.0,0.0,0.0,0.0,241.671129,0.003278,0.0,0.0,Normal_Traffic
3232235782,3232235778,84.0,0.0,0.0,0.0,0.0,0.0,64.0,1.0,0.0,0.0,0.0,0.0,0.0,0.0,0.0,0.0,0.0,0.0,0.0,0.0,241.678283,0.007154,0.0,0.0,Normal_Traffic
0,0,0.0,0.0,0.0,0.0,0.0,0.0,0.0,0.0,0.0,0.0,0.0,0.0,0.0,0.0,0.0,0.0,0.0,0.0,0.0,0.0,241.694138,0.015855,0.0,0.0,Normal_Traffic
0,0,0.0,0.0,0.0,0.0,0.0,0.0,0.0,0.0,0.0,0.0,0.0,0.0,0.0,0.0,0.0,0.0,0.0,0.0,0.0,0.0,242.245899,0.551761,0.0,0.0,Normal_Traffic
0,0,0.0,0.0,0.0,0.0,0.0,0.0,0.0,0.0,0.0,0.0,0.0,0.0,0.0,0.0,0.0,0.0,0.0,0.0,0.0,0.0,243.119204,0.873305,0.0,0.0,Normal_Traffic
3232235778,3232235782,84.0,1.0,0.0,0.0,0.0,0.0,64.0,1.0,0.0,0.0,0.0,0.0,0.0,0.0,0.0,0.0,0.0,0.0,0.0,0.0,243.673871,0.554667,0.0,0.0,Normal_Traffic
3232235782,3232235778,84.0,0.0,0.0,0.0,0.0,0.0,64.0,1.0,0.0,0.0,0.0,0.0,0.0,0.0,0.0,0.0,0.0,0.0,0.0,0.0,243.679525,0.005654,0.0,0.0,Normal_Traffic
0,0,0.0,0.0,0.0,0.0,0.0,0.0,0.0,0.0,0.0,0.0,0.0,0.0,0.0,0.0,0.0,0.0,0.0,0.0,0.0,0.0,243.820755,0.14123,0.0,0.0,Normal_Traffic
0,0,0.0,0.0,0.0,0.0,0.0,0.0,0.0,0.0,0.0,0.0,0.0,0.0,0.0,0.0,0.0,0.0,0.0,0.0,0.0,0.0,243.994308,0.173553,0.0,0.0,Normal_Traffic
3232235779,3232236031,235.0,0.0,0.0,0.0,0.0,0.0,128.0,17.0,0.0,0.0,0.0,0.0,0.0,0.0,0.0,0.0,0.0,0.0,0.0,138.0,245.031221,1.036913,0.0,0.0,Normal_Traffic
3232235778,3232235779,84.0,1.0,0.0,0.0,0.0,0.0,64.0,1.0,0.0,0.0,0.0,0.0,0.0,0.0,0.0,0.0,0.0,0.0,0.0,0.0,245.681394,0.650173,0.0,0.0,Normal_Traffic
3232235779,3232235778,84.0,0.0,0.0,0.0,0.0,0.0,128.0,1.0,0.0,0.0,0.0,0.0,0.0,0.0,0.0,0.0,0.0,0.0,0.0,0.0,245.684473,0.003079,0.0,0.0,Normal_Traffic
0,0,0.0,0.0,0.0,0.0,0.0,0.0,0.0,0.0,0.0,0.0,0.0,0.0,0.0,0.0,0.0,0.0,0.0,0.0,0.0,0.0,245.922117,0.237644,0.0,0.0,Normal_Traffic
0,0,0.0,0.0,0.0,0.0,0.0,0.0,0.0,0.0,0.0,0.0,0.0,0.0,0.0,0.0,0.0,0.0,0.0,0.0,0.0,0.0,247.442233,1.520116,0.0,0.0,Normal_Traffic
3232235778,3232235779,84.0,1.0,0.0,0.0,0.0,0.0,64.0,1.0,0.0,0.0,0.0,0.0,0.0,0.0,0.0,0.0,0.0,0.0,0.0,0.0,247.68393,0.241697,0.0,0.0,Normal_Traffic
3232235779,3232235778,84.0,0.0,0.0,0.0,0.0,0.0,128.0,1.0,0.0,0.0,0.0,0.0,0.0,0.0,0.0,0.0,0.0,0.0,0.0,0.0,247.686104,0.002174,0.0,0.0,Normal_Traffic
3232235778,3232235777,84.0,1.0,0.0,0.0,0.0,0.0,64.0,1.0,0.0,0.0,0.0,0.0,0.0,0.0,0.0,0.0,0.0,0.0,0.0,0.0,247.687481,0.001377,0.0,0.0,Normal_Traffic
3232235777,3232235778,84.0,1.0,0.0,0.0,0.0,0.0,255.0,1.0,0.0,0.0,0.0,0.0,0.0,0.0,0.0,0.0,0.0,0.0,0.0,0.0,247.695063,0.007582,0.0,0.0,Normal_Traffic
0,0,0.0,0.0,0.0,0.0,0.0,0.0,0.0,0.0,0.0,0.0,0.0,0.0,0.0,0.0,0.0,0.0,0.0,0.0,0.0,0.0,248.060924,0.365861,0.0,0.0,Normal_Traffic
3232235778,3232235777,84.0,1.0,0.0,0.0,0.0,0.0,64.0,1.0,0.0,0.0,0.0,0.0,0.0,0.0,0.0,0.0,0.0,0.0,0.0,0.0,249.690723,1.629799,0.0,0.0,Normal_Traffic
3232235777,3232235778,84.0,1.0,0.0,0.0,0.0,0.0,255.0,1.0,0.0,0.0,0.0,0.0,0.0,0.0,0.0,0.0,0.0,0.0,0.0,0.0,249.702878,0.012155,0.0,0.0,Normal_Traffic
3232235778,3232235780,84.0,1.0,0.0,0.0,0.0,0.0,64.0,1.0,0.0,0.0,0.0,0.0,0.0,0.0,0.0,0.0,0.0,0.0,0.0,0.0,249.704834,0.001956,0.0,0.0,Normal_Traffic
3232235780,3232235778,84.0,0.0,0.0,0.0,0.0,0.0,64.0,1.0,0.0,0.0,0.0,0.0,0.0,0.0,0.0,0.0,0.0,0.0,0.0,0.0,249.707591,0.002757,0.0,0.0,Normal_Traffic
0,0,0.0,0.0,0.0,0.0,0.0,0.0,0.0,0.0,0.0,0.0,0.0,0.0,0.0,0.0,0.0,0.0,0.0,0.0,0.0,0.0,250.163322,0.455731,0.0,0.0,Normal_Traffic
0,0,0.0,0.0,0.0,0.0,0.0,0.0,0.0,0.0,0.0,0.0,0.0,0.0,0.0,0.0,0.0,0.0,0.0,0.0,0.0,0.0,250.269179,0.105857,0.0,0.0,Normal_Traffic
0,0,0.0,0.0,0.0,0.0,0.0,0.0,0.0,0.0,0.0,0.0,0.0,0.0,0.0,0.0,0.0,0.0,0.0,0.0,0.0,0.0,250.269557,0.000378,0.0,0.0,Normal_Traffic
3232235778,3232235780,84.0,1.0,0.0,0.0,0.0,0.0,64.0,1.0,0.0,0.0,0.0,0.0,0.0,0.0,0.0,0.0,0.0,0.0,0.0,0.0,251.707218,1.437661,0.0,0.0,Normal_Traffic
3232235780,3232235778,84.0,0.0,0.0,0.0,0.0,0.0,64.0,1.0,0.0,0.0,0.0,0.0,0.0,0.0,0.0,0.0,0.0,0.0,0.0,0.0,251.713958,0.00674,0.0,0.0,Normal_Traffic
3232235778,3232235781,84.0,1.0,0.0,0.0,0.0,0.0,64.0,1.0,0.0,0.0,0.0,0.0,0.0,0.0,0.0,0.0,0.0,0.0,0.0,0.0,251.715413,0.001455,0.0,0.0,Normal_Traffic
3232235781,3232235778,84.0,0.0,0.0,0.0,0.0,0.0,128.0,1.0,0.0,0.0,0.0,0.0,0.0,0.0,0.0,0.0,0.0,0.0,0.0,0.0,251.721528,0.006115,0.0,0.0,Normal_Traffic
0,0,0.0,0.0,0.0,0.0,0.0,0.0,0.0,0.0,0.0,0.0,0.0,0.0,0.0,0.0,0.0,0.0,0.0,0.0,0.0,0.0,252.276925,0.555397,0.0,0.0,Normal_Traffic
0,0,0.0,0.0,0.0,0.0,0.0,0.0,0.0,0.0,0.0,0.0,0.0,0.0,0.0,0.0,0.0,0.0,0.0,0.0,0.0,0.0,252.359029,0.082104,0.0,0.0,Normal_Traffic
0,0,0.0,0.0,0.0,0.0,0.0,0.0,0.0,0.0,0.0,0.0,0.0,0.0,0.0,0.0,0.0,0.0,0.0,0.0,0.0,0.0,252.362332,0.003303,0.0,0.0,Normal_Traffic
3232235778,3232235781,84.0,1.0,0.0,0.0,0.0,0.0,64.0,1.0,0.0,0.0,0.0,0.0,0.0,0.0,0.0,0.0,0.0,0.0,0.0,0.0,253.718657,1.356325,0.0,0.0,Normal_Traffic
3232235781,3232235778,84.0,0.0,0.0,0.0,0.0,0.0,128.0,1.0,0.0,0.0,0.0,0.0,0.0,0.0,0.0,0.0,0.0,0.0,0.0,0.0,253.722573,0.003916,0.0,0.0,Normal_Traffic
3232235778,3232235779,84.0,1.0,0.0,0.0,0.0,0.0,64.0,1.0,0.0,0.0,0.0,0.0,0.0,0.0,0.0,0.0,0.0,0.0,0.0,0.0,253.725817,0.003244,0.0,0.0,Normal_Traffic
3232235779,3232235778,84.0,0.0,0.0,0.0,0.0,0.0,128.0,1.0,0.0,0.0,0.0,0.0,0.0,0.0,0.0,0.0,0.0,0.0,0.0,0.0,253.730645,0.004828,0.0,0.0,Normal_Traffic
0,0,0.0,0.0,0.0,0.0,0.0,0.0,0.0,0.0,0.0,0.0,0.0,0.0,0.0,0.0,0.0,0.0,0.0,0.0,0.0,0.0,254.368573,0.637928,0.0,0.0,Normal_Traffic
3232235778,3232235779,84.0,1.0,0.0,0.0,0.0,0.0,64.0,1.0,0.0,0.0,0.0,0.0,0.0,0.0,0.0,0.0,0.0,0.0,0.0,0.0,255.728226,1.359653,0.0,0.0,Normal_Traffic
3232235779,3232235778,84.0,0.0,0.0,0.0,0.0,0.0,128.0,1.0,0.0,0.0,0.0,0.0,0.0,0.0,0.0,0.0,0.0,0.0,0.0,0.0,255.733914,0.005688,0.0,0.0,Normal_Traffic
3232235778,3232235777,84.0,1.0,0.0,0.0,0.0,0.0,64.0,1.0,0.0,0.0,0.0,0.0,0.0,0.0,0.0,0.0,0.0,0.0,0.0,0.0,255.735648,0.001734,0.0,0.0,Normal_Traffic
3232235777,3232235778,84.0,1.0,0.0,0.0,0.0,0.0,255.0,1.0,0.0,0.0,0.0,0.0,0.0,0.0,0.0,0.0,0.0,0.0,0.0,0.0,255.750196,0.014548,0.0,0.0,Normal_Traffic
0,0,0.0,0.0,0.0,0.0,0.0,0.0,0.0,0.0,0.0,0.0,0.0,0.0,0.0,0.0,0.0,0.0,0.0,0.0,0.0,0.0,256.464536,0.71434,0.0,0.0,Normal_Traffic
0,0,0.0,0.0,0.0,0.0,0.0,0.0,0.0,0.0,0.0,0.0,0.0,0.0,0.0,0.0,0.0,0.0,0.0,0.0,0.0,0.0,256.868294,0.403758,0.0,0.0,Normal_Traffic
0,0,0.0,0.0,0.0,0.0,0.0,0.0,0.0,0.0,0.0,0.0,0.0,0.0,0.0,0.0,0.0,0.0,0.0,0.0,0.0,0.0,256.868686,0.000392,0.0,0.0,Normal_Traffic
3232235778,3232235777,84.0,1.0,0.0,0.0,0.0,0.0,64.0,1.0,0.0,0.0,0.0,0.0,0.0,0.0,0.0,0.0,0.0,0.0,0.0,0.0,257.738663,0.869977,0.0,0.0,Normal_Traffic
3232235777,3232235778,84.0,1.0,0.0,0.0,0.0,0.0,255.0,1.0,0.0,0.0,0.0,0.0,0.0,0.0,0.0,0.0,0.0,0.0,0.0,0.0,257.746669,0.008006,0.0,0.0,Normal_Traffic
3232235778,3232235780,84.0,1.0,0.0,0.0,0.0,0.0,64.0,1.0,0.0,0.0,0.0,0.0,0.0,0.0,0.0,0.0,0.0,0.0,0.0,0.0,257.749137,0.002468,0.0,0.0,Normal_Traffic
3232235780,3232235778,84.0,0.0,0.0,0.0,0.0,0.0,64.0,1.0,0.0,0.0,0.0,0.0,0.0,0.0,0.0,0.0,0.0,0.0,0.0,0.0,257.755494,0.006357,0.0,0.0,Normal_Traffic
0,0,0.0,0.0,0.0,0.0,0.0,0.0,0.0,0.0,0.0,0.0,0.0,0.0,0.0,0.0,0.0,0.0,0.0,0.0,0.0,0.0,258.576457,0.820963,0.0,0.0,Normal_Traffic
0,0,0.0,0.0,0.0,0.0,0.0,0.0,0.0,0.0,0.0,0.0,0.0,0.0,0.0,0.0,0.0,0.0,0.0,0.0,0.0,0.0,258.627872,0.051415,0.0,0.0,Normal_Traffic
0,0,0.0,0.0,0.0,0.0,0.0,0.0,0.0,0.0,0.0,0.0,0.0,0.0,0.0,0.0,0.0,0.0,0.0,0.0,0.0,0.0,258.628271,0.000399,0.0,0.0,Normal_Traffic
