ip.src,ip.dst,ip.len,ip.flags.df,ip.ttl,ip.proto,frame.time_relative,frame.time_delta,label
0,0,0.0,0.0,0.0,0.0,0.0,0.0,DHCP_Spoofing
0,0,0.0,0.0,0.0,0.0,0.754911,0.754911,DHCP_Spoofing
0,0,0.0,0.0,0.0,0.0,1.096345,0.341434,DHCP_Spoofing
0,0,0.0,0.0,0.0,0.0,1.106258,0.009913,DHCP_Spoofing
0,0,0.0,0.0,0.0,0.0,2.974673,1.868415,DHCP_Spoofing
0,0,0.0,0.0,0.0,0.0,5.143926,2.169253,DHCP_Spoofing
0,0,0.0,0.0,0.0,0.0,7.288484,2.144558,DHCP_Spoofing
0,0,0.0,0.0,0.0,0.0,9.398571,2.110087,DHCP_Spoofing
0,0,0.0,0.0,0.0,0.0,11.504242,2.105671,DHCP_Spoofing
0,0,0.0,0.0,0.0,0.0,13.631803,2.127561,DHCP_Spoofing
0,0,0.0,0.0,0.0,0.0,15.779491,2.147688,DHCP_Spoofing
0,0,0.0,0.0,0.0,0.0,18.008006,2.228515,DHCP_Spoofing
0,0,0.0,0.0,0.0,0.0,20.173604,2.165598,DHCP_Spoofing
0,0,0.0,0.0,0.0,0.0,22.264051,2.090447,DHCP_Spoofing
0,0,0.0,0.0,0.0,0.0,24.369031,2.10498,DHCP_Spoofing
0,0,0.0,0.0,0.0,0.0,26.489915,2.120884,DHCP_Spoofing
0,0,0.0,0.0,0.0,0.0,28.602223,2.112308,DHCP_Spoofing
0,0,0.0,0.0,0.0,0.0,30.723395,2.121172,DHCP_Spoofing
0,0,0.0,0.0,0.0,0.0,32.568134,1.844739,DHCP_Spoofing
0,0,0.0,0.0,0.0,0.0,32.579173,0.011039,DHCP_Spoofing
0,0,0.0,0.0,0.0,0.0,32.979152,0.399979,DHCP_Spoofing
0,0,0.0,0.0,0.0,0.0,35.094721,2.115569,DHCP_Spoofing
0,0,0.0,0.0,0.0,0.0,37.26524,2.170519,DHCP_Spoofing
0,0,0.0,0.0,0.0,0.0,39.385071,2.119831,DHCP_Spoofing
0,0,0.0,0.0,0.0,0.0,41.585833,2.200762,DHCP_Spoofing
2896691456,3232235779,328.0,0.0,128.0,17.0,41.752474,0.166641,DHCP_Spoofing
0,0,0.0,0.0,0.0,0.0,41.862436,0.109962,DHCP_Spoofing
0,0,0.0,0.0,0.0,0.0,41.875031,0.012595,DHCP_Spoofing
0,0,0.0,0.0,0.0,0.0,42.098401,0.22337,DHCP_Spoofing
0,0,0.0,0.0,0.0,0.0,42.120073,0.021672,DHCP_Spoofing
0,0,0.0,0.0,0.0,0.0,42.162263,0.04219,DHCP_Spoofing
0,0,0.0,0.0,0.0,0.0,42.168147,0.005884,DHCP_Spoofing
0,0,0.0,0.0,0.0,0.0,42.174538,0.006391,DHCP_Spoofing
0,0,0.0,0.0,0.0,0.0,42.178904,0.004366,DHCP_Spoofing
0,0,0.0,0.0,0.0,0.0,42.181415,0.002511,DHCP_Spoofing
0,0,0.0,0.0,0.0,0.0,42.328619,0.147204,DHCP_Spoofing
0,0,0.0,0.0,0.0,0.0,42.337127,0.008508,DHCP_Spoofing
0,0,0.0,0.0,0.0,0.0,42.621323,0.284196,DHCP_Spoofing
0,0,0.0,0.0,0.0,0.0,44.040273,1.41895,DHCP_Spoofing
0,0,0.0,0.0,0.0,0.0,46.223624,2.183351,DHCP_Spoofing
0,0,0.0,0.0,0.0,0.0,48.192072,1.968448,DHCP_Spoofing
0,0,0.0,0.0,0.0,0.0,48.202433,0.010361,DHCP_Spoofing
0,4294967295,328.0,0.0,128.0,17.0,48.347338,0.144905,DHCP_Spoofing
3232235777,3232235778,328.0,0.0,255.0,17.0,48.383834,0.036496,DHCP_Spoofing
3232235779,4294967295,568.0,0.0,64.0,17.0,48.38671,0.002876,DHCP_Spoofing
0,4294967295,348.0,0.0,128.0,17.0,48.390944,0.004234,DHCP_Spoofing
3232235777,3232235778,328.0,0.0,255.0,17.0,48.410051,0.019107,DHCP_Spoofing
3232235777,4294967295,568.0,0.0,64.0,17.0,48.417615,0.007564,DHCP_Spoofing
0,0,0.0,0.0,0.0,0.0,48.457848,0.040233,DHCP_Spoofing
3232235778,3758096406,40.0,0.0,1.0,2.0,48.473519,0.015671,DHCP_Spoofing
3232235778,3232236031,96.0,0.0,128.0,17.0,48.502856,0.029337,DHCP_Spoofing
0,0,0.0,0.0,0.0,0.0,48.536099,0.033243,DHCP_Spoofing
0,0,0.0,0.0,0.0,0.0,48.563928,0.027829,DHCP_Spoofing
0,0,0.0,0.0,0.0,0.0,48.599951,0.036023,DHCP_Spoofing
3232235778,3758096406,40.0,0.0,1.0,2.0,48.600652,0.000701,DHCP_Spoofing
3232235778,3232236031,96.0,0.0,128.0,17.0,48.610033,0.009381,DHCP_Spoofing
3232235778,3232236031,96.0,0.0,128.0,17.0,48.612099,0.002066,DHCP_Spoofing
0,0,0.0,0.0,0.0,0.0,48.620334,0.008235,DHCP_Spoofing
0,0,0.0,0.0,0.0,0.0,48.621334,0.001,DHCP_Spoofing
3232235778,3758096406,48.0,0.0,1.0,2.0,48.621499,0.000165,DHCP_Spoofing
0,0,0.0,0.0,0.0,0.0,48.621644,0.000145,DHCP_Spoofing
0,0,0.0,0.0,0.0,0.0,48.622631,0.000987,DHCP_Spoofing
3232235778,3758096406,40.0,0.0,1.0,2.0,48.626777,0.004146,DHCP_Spoofing
0,0,0.0,0.0,0.0,0.0,48.642954,0.016177,DHCP_Spoofing
3232235778,3758096406,40.0,0.0,1.0,2.0,48.646899,0.003945,DHCP_Spoofing
0,0,0.0,0.0,0.0,0.0,48.674899,0.028,DHCP_Spoofing
0,0,0.0,0.0,0.0,0.0,48.69344,0.018541,DHCP_Spoofing
0,0,0.0,0.0,0.0,0.0,48.695836,0.002396,DHCP_Spoofing
3232235778,3758096406,40.0,0.0,1.0,2.0,48.700158,0.004322,DHCP_Spoofing
0,0,0.0,0.0,0.0,0.0,48.703826,0.003668,DHCP_Spoofing
3232235778,3758096406,40.0,0.0,1.0,2.0,48.705255,0.001429,DHCP_Spoofing
0,0,0.0,0.0,0.0,0.0,48.707592,0.002337,DHCP_Spoofing
3232235778,3758096406,40.0,0.0,1.0,2.0,48.70918,0.001588,DHCP_Spoofing
0,0,0.0,0.0,0.0,0.0,48.768615,0.059435,DHCP_Spoofing
3232235778,3758096635,63.0,0.0,1.0,17.0,48.80183,0.033215,DHCP_Spoofing
3232235778,3758096635,101.0,0.0,1.0,17.0,48.802465,0.000635,DHCP_Spoofing
0,0,0.0,0.0,0.0,0.0,48.805016,0.002551,DHCP_Spoofing
0,0,0.0,0.0,0.0,0.0,48.808989,0.003973,DHCP_Spoofing
0,0,0.0,0.0,0.0,0.0,48.81021,0.001221,DHCP_Spoofing
3232235778,3758096636,57.0,0.0,1.0,17.0,48.813025,0.002815,DHCP_Spoofing
0,0,0.0,0.0,0.0,0.0,48.857217,0.044192,DHCP_Spoofing
3232235778,3232235777,69.0,0.0,128.0,17.0,48.929005,0.071788,DHCP_Spoofing
3232235777,3232235778,56.0,0.0,255.0,1.0,48.948863,0.019858,DHCP_Spoofing
3232235778,3232235777,69.0,0.0,128.0,17.0,48.997131,0.048268,DHCP_Spoofing
3232235777,3232235778,56.0,0.0,255.0,1.0,49.016408,0.019277,DHCP_Spoofing
3232235778,3232235777,69.0,0.0,128.0,17.0,49.030321,0.013913,DHCP_Spoofing
3232235777,3232235778,56.0,0.0,255.0,1.0,49.046989,0.016668,DHCP_Spoofing
3232235778,3232235777,69.0,0.0,128.0,17.0,49.053219,0.00623,DHCP_Spoofing
3232235777,3232235778,56.0,0.0,255.0,1.0,49.075843,0.022624,DHCP_Spoofing
3232235778,3232235777,69.0,0.0,128.0,17.0,49.096566,0.020723,DHCP_Spoofing
3232235778,3758096406,56.0,0.0,1.0,2.0,49.103393,0.006827,DHCP_Spoofing
0,0,0.0,0.0,0.0,0.0,49.10461,0.001217,DHCP_Spoofing
3232235777,3232235778,56.0,0.0,255.0,1.0,49.127357,0.022747,DHCP_Spoofing
0,0,0.0,0.0,0.0,0.0,49.132637,0.00528,DHCP_Spoofing
0,0,0.0,0.0,0.0,0.0,49.155721,0.023084,DHCP_Spoofing
3232235778,3232235777,62.0,0.0,128.0,17.0,49.185625,0.029904,DHCP_Spoofing
3232235777,3232235778,56.0,0.0,255.0,1.0,49.205188,0.019563,DHCP_Spoofing
3232235778,3232235777,62.0,0.0,128.0,17.0,49.208646,0.003458,DHCP_Spoofing
3232235777,3232235778,56.0,0.0,255.0,1.0,49.231326,0.02268,DHCP_Spoofing
3232235778,3232235777,62.0,0.0,128.0,17.0,49.244149,0.012823,DHCP_Spoofing
3232235777,3232235778,56.0,0.0,255.0,1.0,49.270812,0.026663,DHCP_Spoofing
3232235778,3232235777,62.0,0.0,128.0,17.0,49.273293,0.002481,DHCP_Spoofing
3232235778,3232236031,96.0,0.0,128.0,17.0,49.275288,0.001995,DHCP_Spoofing
3232235778,3232235777,62.0,0.0,128.0,17.0,49.29283,0.017542,DHCP_Spoofing
3232235777,3232235778,56.0,0.0,255.0,1.0,49.303979,0.011149,DHCP_Spoofing
3232235778,3232235777,62.0,0.0,128.0,17.0,49.315355,0.011376,DHCP_Spoofing
3232235777,3232235778,56.0,0.0,255.0,1.0,49.337405,0.02205,DHCP_Spoofing
3232235777,3232235778,56.0,0.0,255.0,1.0,49.339049,0.001644,DHCP_Spoofing
0,0,0.0,0.0,0.0,0.0,49.341726,0.002677,DHCP_Spoofing
3232235778,3232236031,96.0,0.0,128.0,17.0,49.354573,0.012847,DHCP_Spoofing
3232235778,3232236031,96.0,0.0,128.0,17.0,49.355274,0.000701,DHCP_Spoofing
0,0,0.0,0.0,0.0,0.0,49.375243,0.019969,DHCP_Spoofing
3232235778,3232235777,62.0,0.0,128.0,17.0,49.375655,0.000412,DHCP_Spoofing
3232235777,3232235778,56.0,0.0,255.0,1.0,49.400215,0.02456,DHCP_Spoofing
3232235778,3232235777,62.0,0.0,128.0,17.0,49.424478,0.024263,DHCP_Spoofing
3232235777,3232235778,56.0,0.0,255.0,1.0,49.450717,0.026239,DHCP_Spoofing
3232235778,3232235777,62.0,0.0,128.0,17.0,49.470867,0.02015,DHCP_Spoofing
3232235777,3232235778,56.0,0.0,255.0,1.0,49.491884,0.021017,DHCP_Spoofing
0,0,0.0,0.0,0.0,0.0,49.50748,0.015596,DHCP_Spoofing
3232235778,3232235777,62.0,0.0,128.0,17.0,49.569098,0.061618,DHCP_Spoofing
3232235777,3232235778,56.0,0.0,255.0,1.0,49.584132,0.015034,DHCP_Spoofing
0,0,0.0,0.0,0.0,0.0,49.604282,0.02015,DHCP_Spoofing
3232235778,3232236031,96.0,0.0,128.0,17.0,50.042028,0.437746,DHCP_Spoofing
3232235778,3232236031,96.0,0.0,128.0,17.0,50.13458,0.092552,DHCP_Spoofing
3232235778,3232236031,96.0,0.0,128.0,17.0,50.142287,0.007707,DHCP_Spoofing
3232235778,3232235777,77.0,0.0,128.0,17.0,50.600411,0.458124,DHCP_Spoofing
0,0,0.0,0.0,0.0,0.0,50.61153,0.011119,DHCP_Spoofing
3232235778,3232235777,62.0,0.0,128.0,17.0,50.624718,0.013188,DHCP_Spoofing
3232235777,3232235778,56.0,0.0,255.0,1.0,50.627403,0.002685,DHCP_Spoofing
3232235778,3232235777,77.0,0.0,128.0,17.0,50.627761,0.000358,DHCP_Spoofing
3232235777,3232235778,56.0,0.0,255.0,1.0,50.658183,0.030422,DHCP_Spoofing
3232235778,3232235777,62.0,0.0,128.0,17.0,50.658593,0.00041,DHCP_Spoofing
3232235777,3232235778,56.0,0.0,255.0,1.0,50.66079,0.002197,DHCP_Spoofing
3232235778,3232235777,77.0,0.0,128.0,17.0,50.661128,0.000338,DHCP_Spoofing
3232235777,3232235778,56.0,0.0,255.0,1.0,50.676044,0.014916,DHCP_Spoofing
3232235778,3232235777,62.0,0.0,128.0,17.0,50.676441,0.000397,DHCP_Spoofing
3232235777,3232235778,56.0,0.0,255.0,1.0,50.67899,0.002549,DHCP_Spoofing
3232235778,3232235777,77.0,0.0,128.0,17.0,50.679312,0.000322,DHCP_Spoofing
3232235777,3232235778,56.0,0.0,255.0,1.0,50.694169,0.014857,DHCP_Spoofing
3232235778,3232235777,62.0,0.0,128.0,17.0,50.694646,0.000477,DHCP_Spoofing
3232235777,3232235778,56.0,0.0,255.0,1.0,50.706524,0.011878,DHCP_Spoofing
3232235778,3232235777,77.0,0.0,128.0,17.0,50.706955,0.000431,DHCP_Spoofing
3232235777,3232235778,56.0,0.0,255.0,1.0,50.708258,0.001303,DHCP_Spoofing
3232235778,3232235777,62.0,0.0,128.0,17.0,50.708551,0.000293,DHCP_Spoofing
3232235777,3232235778,56.0,0.0,255.0,1.0,50.72185,0.013299,DHCP_Spoofing
3232235777,3232235778,56.0,0.0,255.0,1.0,50.72835,0.0065,DHCP_Spoofing
3232235778,3232236031,96.0,0.0,128.0,17.0,50.793548,0.065198,DHCP_Spoofing
3232235778,3232236031,96.0,0.0,128.0,17.0,50.900785,0.107237,DHCP_Spoofing
3232235778,3232236031,96.0,0.0,128.0,17.0,50.901417,0.000632,DHCP_Spoofing
3232235778,3232235777,77.0,0.0,128.0,17.0,51.285704,0.384287,DHCP_Spoofing
3232235778,4026531834,165.0,0.0,4.0,17.0,51.294201,0.008497,DHCP_Spoofing
3232235777,3232235778,56.0,0.0,255.0,1.0,51.307158,0.012957,DHCP_Spoofing
3232235778,3232235777,77.0,0.0,128.0,17.0,51.307608,0.00045,DHCP_Spoofing
3232235777,3232235778,56.0,0.0,255.0,1.0,51.328701,0.021093,DHCP_Spoofing
3232235778,3232235777,77.0,0.0,128.0,17.0,51.329199,0.000498,DHCP_Spoofing
3232235777,3232235778,56.0,0.0,255.0,1.0,51.359432,0.030233,DHCP_Spoofing
3232235778,3232235777,77.0,0.0,128.0,17.0,51.359908,0.000476,DHCP_Spoofing
3232235777,3232235778,56.0,0.0,255.0,1.0,51.373765,0.013857,DHCP_Spoofing
3232235778,3232235777,77.0,0.0,128.0,17.0,51.374219,0.000454,DHCP_Spoofing
3232235777,3232235778,56.0,0.0,255.0,1.0,51.38723,0.013011,DHCP_Spoofing
0,0,0.0,0.0,0.0,0.0,51.619682,0.232452,DHCP_Spoofing
0,0,0.0,0.0,0.0,0.0,52.010987,0.391305,DHCP_Spoofing
3232235778,4026531834,165.0,0.0,4.0,17.0,52.160836,0.149849,DHCP_Spoofing
3232235778,4026531834,165.0,0.0,4.0,17.0,52.200771,0.039935,DHCP_Spoofing
3232235778,4026531834,165.0,0.0,4.0,17.0,52.442348,0.241577,DHCP_Spoofing
3232235778,3232235777,62.0,0.0,128.0,17.0,52.450211,0.007863,DHCP_Spoofing
3232235777,3232235778,56.0,0.0,255.0,1.0,52.466805,0.016594,DHCP_Spoofing
3232235778,3232235777,62.0,0.0,128.0,17.0,52.475554,0.008749,DHCP_Spoofing
3232235777,3232235778,56.0,0.0,255.0,1.0,52.496089,0.020535,DHCP_Spoofing
3232235778,3232235777,62.0,0.0,128.0,17.0,52.497533,0.001444,DHCP_Spoofing
3232235777,3232235778,56.0,0.0,255.0,1.0,52.510516,0.012983,DHCP_Spoofing
3232235778,3232235777,62.0,0.0,128.0,17.0,52.544372,0.033856,DHCP_Spoofing
3232235777,3232235778,56.0,0.0,255.0,1.0,52.564686,0.020314,DHCP_Spoofing
3232235778,3232235777,62.0,0.0,128.0,17.0,52.590506,0.02582,DHCP_Spoofing
3232235777,3232235778,56.0,0.0,255.0,1.0,52.614851,0.024345,DHCP_Spoofing
3232235778,3232235777,62.0,0.0,128.0,17.0,53.652564,1.037713,DHCP_Spoofing
3232235777,3232235778,56.0,0.0,255.0,1.0,53.66115,0.008586,DHCP_Spoofing
3232235778,3232235777,62.0,0.0,128.0,17.0,53.662044,0.000894,DHCP_Spoofing
3232235777,3232235778,56.0,0.0,255.0,1.0,53.682935,0.020891,DHCP_Spoofing
3232235778,3232235777,62.0,0.0,128.0,17.0,53.683387,0.000452,DHCP_Spoofing
3232235777,3232235778,56.0,0.0,255.0,1.0,53.705191,0.021804,DHCP_Spoofing
3232235778,3232235777,62.0,0.0,128.0,17.0,53.705707,0.000516,DHCP_Spoofing
3232235777,3232235778,56.0,0.0,255.0,1.0,53.728032,0.022325,DHCP_Spoofing
3232235778,3232235777,62.0,0.0,128.0,17.0,53.728505,0.000473,DHCP_Spoofing
3232235777,3232235778,56.0,0.0,255.0,1.0,53.740619,0.012114,DHCP_Spoofing
0,0,0.0,0.0,0.0,0.0,54.423917,0.683298,DHCP_Spoofing
3232235778,3232235777,62.0,0.0,128.0,17.0,54.745445,0.321528,DHCP_Spoofing
3232235777,3232235778,56.0,0.0,255.0,1.0,54.762474,0.017029,DHCP_Spoofing
3232235778,3232235777,62.0,0.0,128.0,17.0,54.762896,0.000422,DHCP_Spoofing
3232235777,3232235778,56.0,0.0,255.0,1.0,54.782387,0.019491,DHCP_Spoofing
3232235778,3232235777,62.0,0.0,128.0,17.0,54.782845,0.000458,DHCP_Spoofing
3232235777,3232235778,56.0,0.0,255.0,1.0,54.8048,0.021955,DHCP_Spoofing
3232235778,3232235777,62.0,0.0,128.0,17.0,54.805444,0.000644,DHCP_Spoofing
3232235777,3232235778,56.0,0.0,255.0,1.0,54.824465,0.019021,DHCP_Spoofing
3232235778,3232235777,62.0,0.0,128.0,17.0,54.824801,0.000336,DHCP_Spoofing
3232235777,3232235778,56.0,0.0,255.0,1.0,54.84527,0.020469,DHCP_Spoofing
0,0,0.0,0.0,0.0,0.0,55.134679,0.289409,DHCP_Spoofing
0,0,0.0,0.0,0.0,0.0,55.163267,0.028588,DHCP_Spoofing
3232235778,4026531834,165.0,0.0,4.0,17.0,55.212877,0.04961,DHCP_Spoofing
3232235778,4026531834,165.0,0.0,4.0,17.0,55.243776,0.030899,DHCP_Spoofing
3232235778,4026531834,165.0,0.0,4.0,17.0,55.447532,0.203756,DHCP_Spoofing
3232235778,3232235777,62.0,0.0,128.0,17.0,55.663593,0.216061,DHCP_Spoofing
3232235777,3232235778,56.0,0.0,255.0,1.0,55.673589,0.009996,DHCP_Spoofing
3232235778,3232235777,62.0,0.0,128.0,17.0,55.675758,0.002169,DHCP_Spoofing
3232235777,3232235778,56.0,0.0,255.0,1.0,55.692018,0.01626,DHCP_Spoofing
3232235778,3232235777,62.0,0.0,128.0,17.0,55.714718,0.0227,DHCP_Spoofing
3232235777,3232235778,56.0,0.0,255.0,1.0,55.74023,0.025512,DHCP_Spoofing
3232235778,3232235777,62.0,0.0,128.0,17.0,55.766221,0.025991,DHCP_Spoofing
3232235777,3232235778,56.0,0.0,255.0,1.0,55.807794,0.041573,DHCP_Spoofing
3232235778,3232235777,62.0,0.0,128.0,17.0,55.808303,0.000509,DHCP_Spoofing
3232235777,3232235778,56.0,0.0,255.0,1.0,55.828661,0.020358,DHCP_Spoofing
0,0,0.0,0.0,0.0,0.0,56.815927,0.987266,DHCP_Spoofing
3232235778,3232235777,62.0,0.0,128.0,17.0,56.839533,0.023606,DHCP_Spoofing
3232235777,3232235778,56.0,0.0,255.0,1.0,56.855652,0.016119,DHCP_Spoofing
3232235778,3232235777,62.0,0.0,128.0,17.0,56.856089,0.000437,DHCP_Spoofing
3232235777,3232235778,56.0,0.0,255.0,1.0,56.872123,0.016034,DHCP_Spoofing
3232235778,3232235777,62.0,0.0,128.0,17.0,56.872629,0.000506,DHCP_Spoofing
3232235777,3232235778,56.0,0.0,255.0,1.0,56.893912,0.021283,DHCP_Spoofing
3232235778,3232235777,62.0,0.0,128.0,17.0,57.023256,0.129344,DHCP_Spoofing
3232235777,3232235778,56.0,0.0,255.0,1.0,57.048368,0.025112,DHCP_Spoofing
3232235778,3232235777,62.0,0.0,128.0,17.0,57.063239,0.014871,DHCP_Spoofing
3232235777,3232235778,56.0,0.0,255.0,1.0,57.079238,0.015999,DHCP_Spoofing
3232235778,3232235777,62.0,0.0,128.0,17.0,58.078359,0.999121,DHCP_Spoofing
3232235777,3232235778,56.0,0.0,255.0,1.0,58.108183,0.029824,DHCP_Spoofing
3232235778,3232235777,62.0,0.0,128.0,17.0,58.136631,0.028448,DHCP_Spoofing
3232235777,3232235778,56.0,0.0,255.0,1.0,58.149517,0.012886,DHCP_Spoofing
3232235778,3232235777,62.0,0.0,128.0,17.0,58.191609,0.042092,DHCP_Spoofing
3232235777,3232235778,56.0,0.0,255.0,1.0,58.207309,0.0157,DHCP_Spoofing
3232235778,3232235777,62.0,0.0,128.0,17.0,58.207612,0.000303,DHCP_Spoofing
3232235777,3232235778,56.0,0.0,255.0,1.0,58.23137,0.023758,DHCP_Spoofing
3232235778,3232235777,62.0,0.0,128.0,17.0,58.231864,0.000494,DHCP_Spoofing
3232235777,3232235778,56.0,0.0,255.0,1.0,58.245901,0.014037,DHCP_Spoofing
3232235778,4026531834,165.0,0.0,4.0,17.0,58.448378,0.202477,DHCP_Spoofing
0,0,0.0,0.0,0.0,0.0,59.187788,0.73941,DHCP_Spoofing
3232235778,3232235777,62.0,0.0,128.0,17.0,59.248239,0.060451,DHCP_Spoofing
3232235777,3232235778,56.0,0.0,255.0,1.0,59.263139,0.0149,DHCP_Spoofing
3232235778,3232235777,62.0,0.0,128.0,17.0,59.263691,0.000552,DHCP_Spoofing
3232235777,3232235778,56.0,0.0,255.0,1.0,59.276631,0.01294,DHCP_Spoofing
3232235778,3232235777,62.0,0.0,128.0,17.0,59.277676,0.001045,DHCP_Spoofing
3232235777,3232235778,56.0,0.0,255.0,1.0,59.301154,0.023478,DHCP_Spoofing
3232235778,3232235777,62.0,0.0,128.0,17.0,59.30181,0.000656,DHCP_Spoofing
3232235777,3232235778,56.0,0.0,255.0,1.0,59.315183,0.013373,DHCP_Spoofing
3232235778,3232235777,62.0,0.0,128.0,17.0,59.31565,0.000467,DHCP_Spoofing
3232235777,3232235778,56.0,0.0,255.0,1.0,59.339248,0.023598,DHCP_Spoofing
3232235778,3232235777,62.0,0.0,128.0,17.0,60.344201,1.004953,DHCP_Spoofing
3232235777,3232235778,56.0,0.0,255.0,1.0,60.357987,0.013786,DHCP_Spoofing
3232235778,3232235777,62.0,0.0,128.0,17.0,60.35869,0.000703,DHCP_Spoofing
3232235777,3232235778,56.0,0.0,255.0,1.0,60.374296,0.015606,DHCP_Spoofing
3232235778,3232235777,62.0,0.0,128.0,17.0,60.374721,0.000425,DHCP_Spoofing
3232235777,3232235778,56.0,0.0,255.0,1.0,60.394614,0.019893,DHCP_Spoofing
3232235778,3232235777,62.0,0.0,128.0,17.0,60.395143,0.000529,DHCP_Spoofing
3232235777,3232235778,56.0,0.0,255.0,1.0,60.411517,0.016374,DHCP_Spoofing
3232235778,3232235777,62.0,0.0,128.0,17.0,60.411978,0.000461,DHCP_Spoofing
3232235777,3232235778,56.0,0.0,255.0,1.0,60.435758,0.02378,DHCP_Spoofing
0,0,0.0,0.0,0.0,0.0,61.313435,0.877677,DHCP_Spoofing
3232235778,3232235777,62.0,0.0,128.0,17.0,61.448944,0.135509,DHCP_Spoofing
3232235777,3232235778,56.0,0.0,255.0,1.0,61.464701,0.015757,DHCP_Spoofing
3232235778,3232235777,62.0,0.0,128.0,17.0,61.465084,0.000383,DHCP_Spoofing
3232235777,3232235778,56.0,0.0,255.0,1.0,61.479747,0.014663,DHCP_Spoofing
3232235778,3232235777,62.0,0.0,128.0,17.0,61.480147,0.0004,DHCP_Spoofing
3232235777,3232235778,56.0,0.0,255.0,1.0,61.497415,0.017268,DHCP_Spoofing
3232235778,3232235777,62.0,0.0,128.0,17.0,61.497843,0.000428,DHCP_Spoofing
3232235777,3232235778,56.0,0.0,255.0,1.0,61.510529,0.012686,DHCP_Spoofing
3232235778,3232235777,62.0,0.0,128.0,17.0,61.511286,0.000757,DHCP_Spoofing
3232235777,3232235778,56.0,0.0,255.0,1.0,61.532617,0.021331,DHCP_Spoofing
0,0,0.0,0.0,0.0,0.0,61.560459,0.027842,DHCP_Spoofing
3232235778,3232235777,62.0,0.0,128.0,17.0,62.543151,0.982692,DHCP_Spoofing
3232235777,3232235778,56.0,0.0,255.0,1.0,62.553914,0.010763,DHCP_Spoofing
3232235778,3232235777,62.0,0.0,128.0,17.0,62.554444,0.00053,DHCP_Spoofing
3232235777,3232235778,56.0,0.0,255.0,1.0,62.566369,0.011925,DHCP_Spoofing
3232235778,3232235777,62.0,0.0,128.0,17.0,62.566833,0.000464,DHCP_Spoofing
3232235777,3232235778,56.0,0.0,255.0,1.0,62.585567,0.018734,DHCP_Spoofing
3232235778,3232235777,62.0,0.0,128.0,17.0,62.586209,0.000642,DHCP_Spoofing
3232235777,3232235778,56.0,0.0,255.0,1.0,62.61387,0.027661,DHCP_Spoofing
3232235778,3232235777,62.0,0.0,128.0,17.0,62.615664,0.001794,DHCP_Spoofing
3232235777,3232235778,56.0,0.0,255.0,1.0,62.637243,0.021579,DHCP_Spoofing
3232235778,3232235777,62.0,0.0,128.0,17.0,63.660379,1.023136,DHCP_Spoofing
3232235777,3232235778,56.0,0.0,255.0,1.0,63.674695,0.014316,DHCP_Spoofing
3232235778,3232235777,62.0,0.0,128.0,17.0,63.675295,0.0006,DHCP_Spoofing
3232235777,3232235778,56.0,0.0,255.0,1.0,63.690042,0.014747,DHCP_Spoofing
3232235778,3232235777,62.0,0.0,128.0,17.0,63.69053,0.000488,DHCP_Spoofing
3232235777,3232235778,56.0,0.0,255.0,1.0,63.704697,0.014167,DHCP_Spoofing
3232235778,3232235777,62.0,0.0,128.0,17.0,63.70539,0.000693,DHCP_Spoofing
3232235777,3232235778,56.0,0.0,255.0,1.0,63.718058,0.012668,DHCP_Spoofing
3232235778,3232235777,62.0,0.0,128.0,17.0,63.718648,0.00059,DHCP_Spoofing
3232235777,3232235778,56.0,0.0,255.0,1.0,63.739866,0.021218,DHCP_Spoofing
0,0,0.0,0.0,0.0,0.0,63.795433,0.055567,DHCP_Spoofing
3232235778,3232235777,62.0,0.0,128.0,17.0,64.730624,0.935191,DHCP_Spoofing
3232235777,3232235778,56.0,0.0,255.0,1.0,64.749364,0.01874,DHCP_Spoofing
3232235778,3232235777,62.0,0.0,128.0,17.0,64.751729,0.002365,DHCP_Spoofing
3232235777,3232235778,56.0,0.0,255.0,1.0,64.775293,0.023564,DHCP_Spoofing
3232235778,3232235777,62.0,0.0,128.0,17.0,64.775756,0.000463,DHCP_Spoofing
3232235777,3232235778,56.0,0.0,255.0,1.0,64.791118,0.015362,DHCP_Spoofing
3232235778,3232235777,62.0,0.0,128.0,17.0,64.791504,0.000386,DHCP_Spoofing
3232235777,3232235778,56.0,0.0,255.0,1.0,64.801131,0.009627,DHCP_Spoofing
3232235778,3232235777,62.0,0.0,128.0,17.0,64.801524,0.000393,DHCP_Spoofing
3232235777,3232235778,56.0,0.0,255.0,1.0,64.812146,0.010622,DHCP_Spoofing
3232235778,3232235777,62.0,0.0,128.0,17.0,65.825734,1.013588,DHCP_Spoofing
3232235777,3232235778,56.0,0.0,255.0,1.0,65.846132,0.020398,DHCP_Spoofing
3232235778,3232235777,62.0,0.0,128.0,17.0,65.846827,0.000695,DHCP_Spoofing
3232235777,3232235778,56.0,0.0,255.0,1.0,65.8688,0.021973,DHCP_Spoofing
3232235778,3232235777,62.0,0.0,128.0,17.0,65.869243,0.000443,DHCP_Spoofing
3232235777,3232235778,56.0,0.0,255.0,1.0,65.888422,0.019179,DHCP_Spoofing
3232235778,3232235777,62.0,0.0,128.0,17.0,65.888888,0.000466,DHCP_Spoofing
3232235777,3232235778,56.0,0.0,255.0,1.0,65.907315,0.018427,DHCP_Spoofing
3232235778,3232235777,62.0,0.0,128.0,17.0,65.907747,0.000432,DHCP_Spoofing
3232235777,3232235778,56.0,0.0,255.0,1.0,65.927276,0.019529,DHCP_Spoofing
0,0,0.0,0.0,0.0,0.0,66.059126,0.13185,DHCP_Spoofing
0,0,0.0,0.0,0.0,0.0,66.776314,0.717188,DHCP_Spoofing
0,0,0.0,0.0,0.0,0.0,66.783877,0.007563,DHCP_Spoofing
0,0,0.0,0.0,0.0,0.0,68.313696,1.529819,DHCP_Spoofing
0,0,0.0,0.0,0.0,0.0,70.456133,2.142437,DHCP_Spoofing
0,0,0.0,0.0,0.0,0.0,72.589572,2.133439,DHCP_Spoofing
0,0,0.0,0.0,0.0,0.0,74.696695,2.107123,DHCP_Spoofing
0,0,0.0,0.0,0.0,0.0,76.799298,2.102603,DHCP_Spoofing
0,0,0.0,0.0,0.0,0.0,78.949925,2.150627,DHCP_Spoofing
0,0,0.0,0.0,0.0,0.0,81.048839,2.098914,DHCP_Spoofing
0,0,0.0,0.0,0.0,0.0,83.181961,2.133122,DHCP_Spoofing
0,0,0.0,0.0,0.0,0.0,86.572249,3.390288,DHCP_Spoofing
0,0,0.0,0.0,0.0,0.0,88.693983,2.121734,DHCP_Spoofing
0,0,0.0,0.0,0.0,0.0,90.790956,2.096973,DHCP_Spoofing
0,0,0.0,0.0,0.0,0.0,92.934887,2.143931,DHCP_Spoofing
0,0,0.0,0.0,0.0,0.0,95.062782,2.127895,DHCP_Spoofing
0,0,0.0,0.0,0.0,0.0,97.163011,2.100229,DHCP_Spoofing
3232235778,3232235777,336.0,0.0,128.0,17.0,99.159805,1.996794,DHCP_Spoofing
3232235777,3232235778,328.0,0.0,255.0,17.0,99.177595,0.01779,DHCP_Spoofing
0,0,0.0,0.0,0.0,0.0,99.20444,0.026845,DHCP_Spoofing
3232235778,3758096406,40.0,0.0,1.0,2.0,99.207495,0.003055,DHCP_Spoofing
0,0,0.0,0.0,0.0,0.0,99.221412,0.013917,DHCP_Spoofing
3232235778,3758096406,40.0,0.0,1.0,2.0,99.226059,0.004647,DHCP_Spoofing
3232235778,3758096635,63.0,0.0,1.0,17.0,99.232116,0.006057,DHCP_Spoofing
3232235778,3758096635,101.0,0.0,1.0,17.0,99.234152,0.002036,DHCP_Spoofing
0,0,0.0,0.0,0.0,0.0,99.236037,0.001885,DHCP_Spoofing
0,0,0.0,0.0,0.0,0.0,99.23747,0.001433,DHCP_Spoofing
0,0,0.0,0.0,0.0,0.0,99.239209,0.001739,DHCP_Spoofing
3232235778,3758096636,57.0,0.0,1.0,17.0,99.295731,0.056522,DHCP_Spoofing
3232235778,4026531834,165.0,0.0,4.0,17.0,99.332042,0.036311,DHCP_Spoofing
0,0,0.0,0.0,0.0,0.0,99.360408,0.028366,DHCP_Spoofing
3232235778,3758096406,40.0,0.0,1.0,2.0,99.361211,0.000803,DHCP_Spoofing
0,0,0.0,0.0,0.0,0.0,99.364037,0.002826,DHCP_Spoofing
3232235778,3758096406,40.0,0.0,1.0,2.0,99.364619,0.000582,DHCP_Spoofing
3232235778,3758096635,63.0,0.0,1.0,17.0,99.368562,0.003943,DHCP_Spoofing
3232235778,3758096635,101.0,0.0,1.0,17.0,99.371204,0.002642,DHCP_Spoofing
0,0,0.0,0.0,0.0,0.0,99.372084,0.00088,DHCP_Spoofing
0,0,0.0,0.0,0.0,0.0,99.373515,0.001431,DHCP_Spoofing
3232235778,3758096406,40.0,0.0,1.0,2.0,99.412321,0.038806,DHCP_Spoofing
0,0,0.0,0.0,0.0,0.0,99.412344,2.3e-05,DHCP_Spoofing
0,0,0.0,0.0,0.0,0.0,99.613164,0.20082,DHCP_Spoofing
0,0,0.0,0.0,0.0,0.0,99.705405,0.092241,DHCP_Spoofing
0,0,0.0,0.0,0.0,0.0,99.714126,0.008721,DHCP_Spoofing
0,0,0.0,0.0,0.0,0.0,101.782884,2.068758,DHCP_Spoofing
3232235778,4026531834,165.0,0.0,4.0,17.0,102.335526,0.552642,DHCP_Spoofing
0,0,0.0,0.0,0.0,0.0,103.897953,1.562427,DHCP_Spoofing
0,0,0.0,0.0,0.0,0.0,103.918354,0.020401,DHCP_Spoofing
0,0,0.0,0.0,0.0,0.0,103.95908,0.040726,DHCP_Spoofing
3232235778,4026531834,165.0,0.0,4.0,17.0,105.351086,1.392006,DHCP_Spoofing
0,0,0.0,0.0,0.0,0.0,106.12139,0.770304,DHCP_Spoofing
0,0,0.0,0.0,0.0,0.0,108.259287,2.137897,DHCP_Spoofing
3232235778,4026531834,165.0,0.0,4.0,17.0,108.367419,0.108132,DHCP_Spoofing
0,0,0.0,0.0,0.0,0.0,110.393632,2.026213,DHCP_Spoofing
3232235778,4026531834,165.0,0.0,4.0,17.0,111.388848,0.995216,DHCP_Spoofing
0,0,0.0,0.0,0.0,0.0,112.534414,1.145566,DHCP_Spoofing
3232235778,4026531834,165.0,0.0,4.0,17.0,114.397739,1.863325,DHCP_Spoofing
0,0,0.0,0.0,0.0,0.0,114.669434,0.271695,DHCP_Spoofing
0,0,0.0,0.0,0.0,0.0,116.831535,2.162101,DHCP_Spoofing
0,0,0.0,0.0,0.0,0.0,118.985618,2.154083,DHCP_Spoofing
0,0,0.0,0.0,0.0,0.0,121.163406,2.177788,DHCP_Spoofing
0,0,0.0,0.0,0.0,0.0,123.282154,2.118748,DHCP_Spoofing
0,0,0.0,0.0,0.0,0.0,124.749717,1.467563,DHCP_Spoofing
0,0,0.0,0.0,0.0,0.0,125.38081,0.631093,DHCP_Spoofing
0,0,0.0,0.0,0.0,0.0,127.499111,2.118301,DHCP_Spoofing
0,0,0.0,0.0,0.0,0.0,129.629991,2.13088,DHCP_Spoofing
0,0,0.0,0.0,0.0,0.0,131.288901,1.65891,DHCP_Spoofing
0,0,0.0,0.0,0.0,0.0,131.297071,0.00817,DHCP_Spoofing
0,0,0.0,0.0,0.0,0.0,131.82659,0.529519,DHCP_Spoofing
0,0,0.0,0.0,0.0,0.0,133.935661,2.109071,DHCP_Spoofing
0,0,0.0,0.0,0.0,0.0,136.079475,2.143814,DHCP_Spoofing
0,0,0.0,0.0,0.0,0.0,138.229642,2.150167,DHCP_Spoofing
0,0,0.0,0.0,0.0,0.0,140.418226,2.188584,DHCP_Spoofing
0,0,0.0,0.0,0.0,0.0,142.617942,2.199716,DHCP_Spoofing
0,0,0.0,0.0,0.0,0.0,144.780907,2.162965,DHCP_Spoofing
0,0,0.0,0.0,0.0,0.0,146.937717,2.15681,DHCP_Spoofing
3232235778,3232235777,328.0,0.0,128.0,17.0,147.814766,0.877049,DHCP_Spoofing
0,0,0.0,0.0,0.0,0.0,147.944957,0.130191,DHCP_Spoofing
0,0,0.0,0.0,0.0,0.0,147.949336,0.004379,DHCP_Spoofing
0,0,0.0,0.0,0.0,0.0,148.017252,0.067916,DHCP_Spoofing
0,0,0.0,0.0,0.0,0.0,148.029869,0.012617,DHCP_Spoofing
0,0,0.0,0.0,0.0,0.0,148.173522,0.143653,DHCP_Spoofing
0,0,0.0,0.0,0.0,0.0,148.183299,0.009777,DHCP_Spoofing
0,0,0.0,0.0,0.0,0.0,148.186311,0.003012,DHCP_Spoofing
0,0,0.0,0.0,0.0,0.0,148.213862,0.027551,DHCP_Spoofing
0,0,0.0,0.0,0.0,0.0,148.216275,0.002413,DHCP_Spoofing
0,0,0.0,0.0,0.0,0.0,148.337435,0.12116,DHCP_Spoofing
0,0,0.0,0.0,0.0,0.0,148.342933,0.005498,DHCP_Spoofing
0,0,0.0,0.0,0.0,0.0,148.348161,0.005228,DHCP_Spoofing
0,0,0.0,0.0,0.0,0.0,148.381409,0.033248,DHCP_Spoofing
0,0,0.0,0.0,0.0,0.0,148.385224,0.003815,DHCP_Spoofing
0,0,0.0,0.0,0.0,0.0,148.398787,0.013563,DHCP_Spoofing
0,0,0.0,0.0,0.0,0.0,149.347545,0.948758,DHCP_Spoofing
0,0,0.0,0.0,0.0,0.0,151.588986,2.241441,DHCP_Spoofing
0,0,0.0,0.0,0.0,0.0,153.699073,2.110087,DHCP_Spoofing
0,0,0.0,0.0,0.0,0.0,153.954012,0.254939,DHCP_Spoofing
0,0,0.0,0.0,0.0,0.0,153.960897,0.006885,DHCP_Spoofing
0,0,0.0,0.0,0.0,0.0,154.396876,0.435979,DHCP_Spoofing
0,0,0.0,0.0,0.0,0.0,154.396909,3.3e-05,DHCP_Spoofing
0,0,0.0,0.0,0.0,0.0,155.396784,0.999875,DHCP_Spoofing
0,0,0.0,0.0,0.0,0.0,155.890782,0.493998,DHCP_Spoofing
0,0,0.0,0.0,0.0,0.0,156.396684,0.505902,DHCP_Spoofing
0,0,0.0,0.0,0.0,0.0,157.396551,0.999867,DHCP_Spoofing
0,0,0.0,0.0,0.0,0.0,157.431272,0.034721,DHCP_Spoofing
2852031173,3758096406,40.0,0.0,1.0,2.0,157.434212,0.00294,DHCP_Spoofing
0,0,0.0,0.0,0.0,0.0,157.453337,0.019125,DHCP_Spoofing
0,0,0.0,0.0,0.0,0.0,157.454146,0.000809,DHCP_Spoofing
2852031173,3758096406,40.0,0.0,1.0,2.0,157.455625,0.001479,DHCP_Spoofing
0,0,0.0,0.0,0.0,0.0,157.457678,0.002053,DHCP_Spoofing
2852031173,3758096406,40.0,0.0,1.0,2.0,157.459761,0.002083,DHCP_Spoofing
2852031173,2852061183,96.0,0.0,128.0,17.0,157.482358,0.022597,DHCP_Spoofing
2852031173,3758096406,40.0,0.0,1.0,2.0,157.514786,0.032428,DHCP_Spoofing
2852031173,3758096635,63.0,0.0,1.0,17.0,157.51656,0.001774,DHCP_Spoofing
0,0,0.0,0.0,0.0,0.0,157.518694,0.002134,DHCP_Spoofing
0,0,0.0,0.0,0.0,0.0,157.5236,0.004906,DHCP_Spoofing
2852031173,3758096636,57.0,0.0,1.0,17.0,157.524589,0.000989,DHCP_Spoofing
2852031173,2852061183,96.0,0.0,128.0,17.0,157.528382,0.003793,DHCP_Spoofing
2852031173,2852061183,96.0,0.0,128.0,17.0,157.532064,0.003682,DHCP_Spoofing
0,0,0.0,0.0,0.0,0.0,157.605954,0.07389,DHCP_Spoofing
2852031173,3758096635,101.0,0.0,1.0,17.0,157.607651,0.001697,DHCP_Spoofing
0,0,0.0,0.0,0.0,0.0,157.623548,0.015897,DHCP_Spoofing
0,0,0.0,0.0,0.0,0.0,157.625444,0.001896,DHCP_Spoofing
2852031173,3758096406,40.0,0.0,1.0,2.0,157.627751,0.002307,DHCP_Spoofing
2852031173,3758096406,56.0,0.0,1.0,2.0,157.897381,0.26963,DHCP_Spoofing
0,0,0.0,0.0,0.0,0.0,157.897415,3.4e-05,DHCP_Spoofing
2852031173,4026531834,165.0,0.0,4.0,17.0,158.226912,0.329497,DHCP_Spoofing
2852031173,2852061183,96.0,0.0,128.0,17.0,158.271869,0.044957,DHCP_Spoofing
0,0,0.0,0.0,0.0,0.0,158.301497,0.029628,DHCP_Spoofing
2852031173,2852061183,96.0,0.0,128.0,17.0,158.303252,0.001755,DHCP_Spoofing
2852031173,2852061183,96.0,0.0,128.0,17.0,158.303272,2e-05,DHCP_Spoofing
2852031173,2852061183,96.0,0.0,128.0,17.0,159.021829,0.718557,DHCP_Spoofing
2852031173,2852061183,96.0,0.0,128.0,17.0,159.069254,0.047425,DHCP_Spoofing
2852031173,2852061183,96.0,0.0,128.0,17.0,159.06965,0.000396,DHCP_Spoofing
2852031173,2852061183,96.0,0.0,128.0,17.0,159.802877,0.733227,DHCP_Spoofing
2852031173,2852061183,96.0,0.0,128.0,17.0,159.881256,0.078379,DHCP_Spoofing
2852031173,2852061183,96.0,0.0,128.0,17.0,159.881298,4.2e-05,DHCP_Spoofing
0,0,0.0,0.0,0.0,0.0,160.514205,0.632907,DHCP_Spoofing
2852031173,4026531834,165.0,0.0,4.0,17.0,160.740715,0.22651,DHCP_Spoofing
2852031173,4026531834,165.0,0.0,4.0,17.0,160.772622,0.031907,DHCP_Spoofing
2852031173,4026531834,165.0,0.0,4.0,17.0,161.225334,0.452712,DHCP_Spoofing
0,0,0.0,0.0,0.0,0.0,162.620955,1.395621,DHCP_Spoofing
0,0,0.0,0.0,0.0,0.0,163.611005,0.99005,DHCP_Spoofing
0,0,0.0,0.0,0.0,0.0,163.620118,0.009113,DHCP_Spoofing
2852031173,4026531834,165.0,0.0,4.0,17.0,163.788381,0.168263,DHCP_Spoofing
2852031173,4026531834,165.0,0.0,4.0,17.0,163.818514,0.030133,DHCP_Spoofing
2852031173,4026531834,165.0,0.0,4.0,17.0,164.22574,0.407226,DHCP_Spoofing
0,0,0.0,0.0,0.0,0.0,164.835315,0.609575,DHCP_Spoofing
0,0,0.0,0.0,0.0,0.0,166.972624,2.137309,DHCP_Spoofing
0,0,0.0,0.0,0.0,0.0,169.101394,2.12877,DHCP_Spoofing
0,0,0.0,0.0,0.0,0.0,171.195695,2.094301,DHCP_Spoofing
0,0,0.0,0.0,0.0,0.0,173.307235,2.11154,DHCP_Spoofing
0,0,0.0,0.0,0.0,0.0,175.430004,2.122769,DHCP_Spoofing
0,0,0.0,0.0,0.0,0.0,177.525569,2.095565,DHCP_Spoofing
0,0,0.0,0.0,0.0,0.0,179.10359,1.578021,DHCP_Spoofing
0,0,0.0,0.0,0.0,0.0,179.640134,0.536544,DHCP_Spoofing
0,0,0.0,0.0,0.0,0.0,181.778062,2.137928,DHCP_Spoofing
0,0,0.0,0.0,0.0,0.0,183.899652,2.12159,DHCP_Spoofing
0,4294967295,328.0,0.0,128.0,17.0,185.715976,1.816324,DHCP_Spoofing
3232235777,3232235778,56.0,0.0,255.0,1.0,185.730235,0.014259,DHCP_Spoofing
3232235779,4294967295,568.0,0.0,64.0,17.0,185.733929,0.003694,DHCP_Spoofing
0,4294967295,348.0,0.0,128.0,17.0,185.751018,0.017089,DHCP_Spoofing
3232235779,4294967295,568.0,0.0,64.0,17.0,185.770386,0.019368,DHCP_Spoofing
0,0,0.0,0.0,0.0,0.0,185.897393,0.127007,DHCP_Spoofing
0,0,0.0,0.0,0.0,0.0,185.941796,0.044403,DHCP_Spoofing
2896691456,3758096406,40.0,0.0,1.0,2.0,185.958027,0.016231,DHCP_Spoofing
0,0,0.0,0.0,0.0,0.0,185.968609,0.010582,DHCP_Spoofing
2896691456,3758096406,40.0,0.0,1.0,2.0,185.969958,0.001349,DHCP_Spoofing
2896691456,2896691711,96.0,0.0,128.0,17.0,185.993692,0.023734,DHCP_Spoofing
0,0,0.0,0.0,0.0,0.0,186.052582,0.05889,DHCP_Spoofing
2896691456,3758096406,40.0,0.0,1.0,2.0,186.056398,0.003816,DHCP_Spoofing
0,0,0.0,0.0,0.0,0.0,186.057702,0.001304,DHCP_Spoofing
2896691456,3758096406,40.0,0.0,1.0,2.0,186.058487,0.000785,DHCP_Spoofing
2896691456,2896691711,96.0,0.0,128.0,17.0,186.061225,0.002738,DHCP_Spoofing
2896691456,2896691711,96.0,0.0,128.0,17.0,186.064526,0.003301,DHCP_Spoofing
2896691456,3758096635,63.0,0.0,1.0,17.0,186.107978,0.043452,DHCP_Spoofing
0,0,0.0,0.0,0.0,0.0,186.10913,0.001152,DHCP_Spoofing
0,0,0.0,0.0,0.0,0.0,186.112452,0.003322,DHCP_Spoofing
2896691456,3758096636,57.0,0.0,1.0,17.0,186.113648,0.001196,DHCP_Spoofing
0,0,0.0,0.0,0.0,0.0,186.173833,0.060185,DHCP_Spoofing
2896691456,3758096406,40.0,0.0,1.0,2.0,186.188197,0.014364,DHCP_Spoofing
0,0,0.0,0.0,0.0,0.0,186.198628,0.010431,DHCP_Spoofing
0,0,0.0,0.0,0.0,0.0,186.201825,0.003197,DHCP_Spoofing
2896691456,3758096406,40.0,0.0,1.0,2.0,186.204712,0.002887,DHCP_Spoofing
0,0,0.0,0.0,0.0,0.0,186.205187,0.000475,DHCP_Spoofing
0,0,0.0,0.0,0.0,0.0,186.217842,0.012655,DHCP_Spoofing
2896691456,3758096635,101.0,0.0,1.0,17.0,186.219232,0.00139,DHCP_Spoofing
0,0,0.0,0.0,0.0,0.0,186.227025,0.007793,DHCP_Spoofing
0,0,0.0,0.0,0.0,0.0,186.284865,0.05784,DHCP_Spoofing
0,0,0.0,0.0,0.0,0.0,186.320474,0.035609,DHCP_Spoofing
2896691456,3758096406,40.0,0.0,1.0,2.0,186.322201,0.001727,DHCP_Spoofing
0,0,0.0,0.0,0.0,0.0,186.339004,0.016803,DHCP_Spoofing
2896691456,3758096406,40.0,0.0,1.0,2.0,186.340171,0.001167,DHCP_Spoofing
2896691456,4026531834,165.0,0.0,4.0,17.0,186.344622,0.004451,DHCP_Spoofing
2896691456,3758096635,63.0,0.0,1.0,17.0,186.36681,0.022188,DHCP_Spoofing
2896691456,3758096635,101.0,0.0,1.0,17.0,186.369932,0.003122,DHCP_Spoofing
0,0,0.0,0.0,0.0,0.0,186.370528,0.000596,DHCP_Spoofing
0,0,0.0,0.0,0.0,0.0,186.371538,0.00101,DHCP_Spoofing
0,0,0.0,0.0,0.0,0.0,186.374377,0.002839,DHCP_Spoofing
2896691456,3758096636,57.0,0.0,1.0,17.0,186.375133,0.000756,DHCP_Spoofing
2896691456,3758096406,56.0,0.0,1.0,2.0,186.39727,0.022137,DHCP_Spoofing
0,0,0.0,0.0,0.0,0.0,186.397779,0.000509,DHCP_Spoofing
0,0,0.0,0.0,0.0,0.0,186.594309,0.19653,DHCP_Spoofing
2896691456,67372036,69.0,0.0,128.0,17.0,186.624947,0.030638,DHCP_Spoofing
2896691456,4026531834,165.0,0.0,4.0,17.0,186.628496,0.003549,DHCP_Spoofing
2896691456,4026531834,165.0,0.0,4.0,17.0,186.691622,0.063126,DHCP_Spoofing
2896691456,2896691711,96.0,0.0,128.0,17.0,186.742092,0.05047,DHCP_Spoofing
2896691456,67372036,62.0,0.0,128.0,17.0,186.773435,0.031343,DHCP_Spoofing
2896691456,2896691711,96.0,0.0,128.0,17.0,186.850351,0.076916,DHCP_Spoofing
2896691456,2896691711,96.0,0.0,128.0,17.0,186.852174,0.001823,DHCP_Spoofing
0,0,0.0,0.0,0.0,0.0,186.914448,0.062274,DHCP_Spoofing
3232235777,3232235778,56.0,0.0,255.0,1.0,187.227596,0.313148,DHCP_Spoofing
2896691456,2896691711,96.0,0.0,128.0,17.0,187.494573,0.266977,DHCP_Spoofing
2896691456,2896691711,96.0,0.0,128.0,17.0,187.615627,0.121054,DHCP_Spoofing
2896691456,2896691711,96.0,0.0,128.0,17.0,187.621284,0.005657,DHCP_Spoofing
2896691456,67372036,69.0,0.0,128.0,17.0,187.678132,0.056848,DHCP_Spoofing
3232235777,3232235778,328.0,0.0,255.0,17.0,187.729941,0.051809,DHCP_Spoofing
2896691456,67372036,62.0,0.0,128.0,17.0,187.801631,0.07169,DHCP_Spoofing
0,0,0.0,0.0,0.0,0.0,187.897191,0.09556,DHCP_Spoofing
2896691456,2896691711,96.0,0.0,128.0,17.0,188.256343,0.359152,DHCP_Spoofing
2896691456,2896691711,96.0,0.0,128.0,17.0,188.366985,0.110642,DHCP_Spoofing
2896691456,2896691711,96.0,0.0,128.0,17.0,188.367382,0.000397,DHCP_Spoofing
2896691456,67372036,69.0,0.0,128.0,17.0,188.678931,0.311549,DHCP_Spoofing
2896691456,67372036,62.0,0.0,128.0,17.0,188.819366,0.140435,DHCP_Spoofing
0,0,0.0,0.0,0.0,0.0,188.896862,0.077496,DHCP_Spoofing
0,0,0.0,0.0,0.0,0.0,189.04556,0.148698,DHCP_Spoofing
2896691456,67372036,70.0,0.0,128.0,17.0,189.183566,0.138006,DHCP_Spoofing
2896691456,4026531834,165.0,0.0,4.0,17.0,189.362651,0.179085,DHCP_Spoofing
2896691456,4026531834,165.0,0.0,4.0,17.0,189.746511,0.38386,DHCP_Spoofing
2896691456,4026531834,165.0,0.0,4.0,17.0,189.82843,0.081919,DHCP_Spoofing
2896691456,67372036,70.0,0.0,128.0,17.0,190.22079,0.39236,DHCP_Spoofing
2896691456,67372036,69.0,0.0,128.0,17.0,190.693738,0.472948,DHCP_Spoofing
2896691456,67372036,62.0,0.0,128.0,17.0,190.834189,0.140451,DHCP_Spoofing
2896691456,67372036,70.0,0.0,128.0,17.0,191.240931,0.406742,DHCP_Spoofing
0,0,0.0,0.0,0.0,0.0,191.331916,0.090985,DHCP_Spoofing
0,0,0.0,0.0,0.0,0.0,191.429066,0.09715,DHCP_Spoofing
0,0,0.0,0.0,0.0,0.0,191.444411,0.015345,DHCP_Spoofing
2896691456,4026531834,165.0,0.0,4.0,17.0,192.395048,0.950637,DHCP_Spoofing
2896691456,67372036,70.0,0.0,128.0,17.0,193.241283,0.846235,DHCP_Spoofing
0,0,0.0,0.0,0.0,0.0,193.492969,0.251686,DHCP_Spoofing
2896691456,67372036,69.0,0.0,128.0,17.0,194.693764,1.200795,DHCP_Spoofing
2896691456,67372036,62.0,0.0,128.0,17.0,194.834572,0.140808,DHCP_Spoofing
2896691456,4026531834,165.0,0.0,4.0,17.0,195.413778,0.579206,DHCP_Spoofing
0,0,0.0,0.0,0.0,0.0,195.652873,0.239095,DHCP_Spoofing
0,0,0.0,0.0,0.0,0.0,196.082225,0.429352,DHCP_Spoofing
0,0,0.0,0.0,0.0,0.0,196.090506,0.008281,DHCP_Spoofing
2896691456,2896691711,229.0,0.0,128.0,17.0,196.178892,0.088386,DHCP_Spoofing
2896691456,67372036,70.0,0.0,128.0,17.0,197.256109,1.077217,DHCP_Spoofing
0,0,0.0,0.0,0.0,0.0,197.872447,0.616338,DHCP_Spoofing
2896691456,4026531834,165.0,0.0,4.0,17.0,198.41298,0.540533,DHCP_Spoofing
0,0,0.0,0.0,0.0,0.0,198.695611,0.282631,DHCP_Spoofing
0,0,0.0,0.0,0.0,0.0,198.710931,0.01532,DHCP_Spoofing
2896691456,67372036,62.0,0.0,128.0,17.0,198.71145,0.000519,DHCP_Spoofing
2896691456,67372036,62.0,0.0,128.0,17.0,198.850683,0.139233,DHCP_Spoofing
2896691456,67372036,62.0,0.0,128.0,17.0,199.694074,0.843391,DHCP_Spoofing
2896691456,67372036,62.0,0.0,128.0,17.0,199.850089,0.156015,DHCP_Spoofing
2896691456,67372036,62.0,0.0,128.0,17.0,199.856165,0.006076,DHCP_Spoofing
0,0,0.0,0.0,0.0,0.0,200.060902,0.204737,DHCP_Spoofing
2896691456,67372036,62.0,0.0,128.0,17.0,200.709474,0.648572,DHCP_Spoofing
2896691456,67372036,62.0,0.0,128.0,17.0,200.865586,0.156112,DHCP_Spoofing
2896691456,67372036,62.0,0.0,128.0,17.0,200.866065,0.000479,DHCP_Spoofing
2896691456,67372036,70.0,0.0,128.0,17.0,201.25832,0.392255,DHCP_Spoofing
2896691456,4026531834,165.0,0.0,4.0,17.0,201.428517,0.170197,DHCP_Spoofing
2896691456,67372036,62.0,0.0,128.0,17.0,201.865678,0.437161,DHCP_Spoofing
0,0,0.0,0.0,0.0,0.0,202.211628,0.34595,DHCP_Spoofing
2896691456,67372036,70.0,0.0,128.0,17.0,202.271687,0.060059,DHCP_Spoofing
2896691456,67372036,62.0,0.0,128.0,17.0,202.725416,0.453729,DHCP_Spoofing
2896691456,67372036,62.0,0.0,128.0,17.0,202.866126,0.14071,DHCP_Spoofing
2896691456,67372036,70.0,0.0,128.0,17.0,203.287605,0.421479,DHCP_Spoofing
2896691456,67372036,62.0,0.0,128.0,17.0,203.881442,0.593837,DHCP_Spoofing
0,0,0.0,0.0,0.0,0.0,204.35579,0.474348,DHCP_Spoofing
2896691456,67372036,70.0,0.0,128.0,17.0,205.30297,0.94718,DHCP_Spoofing
0,0,0.0,0.0,0.0,0.0,206.464442,1.161472,DHCP_Spoofing
2896691456,67372036,62.0,0.0,128.0,17.0,206.740668,0.276226,DHCP_Spoofing
2896691456,67372036,62.0,0.0,128.0,17.0,206.881371,0.140703,DHCP_Spoofing
2896691456,67372036,62.0,0.0,128.0,17.0,207.896875,1.015504,DHCP_Spoofing
0,0,0.0,0.0,0.0,0.0,208.590818,0.693943,DHCP_Spoofing
2896691456,67372036,70.0,0.0,128.0,17.0,209.305522,0.714704,DHCP_Spoofing
0,0,0.0,0.0,0.0,0.0,210.709697,1.404175,DHCP_Spoofing
0,0,0.0,0.0,0.0,0.0,210.742639,0.032942,DHCP_Spoofing
0,0,0.0,0.0,0.0,0.0,210.753439,0.0108,DHCP_Spoofing
2896691456,67372036,62.0,0.0,128.0,17.0,210.883882,0.130443,DHCP_Spoofing
2896691456,67372036,62.0,0.0,128.0,17.0,211.881869,0.997987,DHCP_Spoofing
0,0,0.0,0.0,0.0,0.0,212.862989,0.98112,DHCP_Spoofing
2896691456,67372036,62.0,0.0,128.0,17.0,212.896776,0.033787,DHCP_Spoofing
2896691456,67372036,70.0,0.0,128.0,17.0,213.313721,0.416945,DHCP_Spoofing
2896691456,67372036,70.0,0.0,128.0,17.0,214.39668,1.082959,DHCP_Spoofing
2896691456,67372036,62.0,0.0,128.0,17.0,214.938576,0.541896,DHCP_Spoofing
0,0,0.0,0.0,0.0,0.0,215.119168,0.180592,DHCP_Spoofing
2896691456,67372036,70.0,0.0,128.0,17.0,215.412305,0.293137,DHCP_Spoofing
0,0,0.0,0.0,0.0,0.0,217.253802,1.841497,DHCP_Spoofing
2896691456,67372036,70.0,0.0,128.0,17.0,217.412485,0.158683,DHCP_Spoofing
2896691456,67372036,62.0,0.0,128.0,17.0,218.943692,1.531207,DHCP_Spoofing
0,0,0.0,0.0,0.0,0.0,219.386833,0.443141,DHCP_Spoofing
2896691456,67372036,70.0,0.0,128.0,17.0,221.412939,2.026106,DHCP_Spoofing
2896691456,67372036,62.0,0.0,128.0,17.0,221.431037,0.018098,DHCP_Spoofing
0,0,0.0,0.0,0.0,0.0,221.528857,0.09782,DHCP_Spoofing
2896691456,67372036,62.0,0.0,128.0,17.0,222.44418,0.915323,DHCP_Spoofing
2896691456,67372036,62.0,0.0,128.0,17.0,223.44881,1.00463,DHCP_Spoofing
0,0,0.0,0.0,0.0,0.0,223.654353,0.205543,DHCP_Spoofing
2896691456,67372036,62.0,0.0,128.0,17.0,225.463835,1.809482,DHCP_Spoofing
0,0,0.0,0.0,0.0,0.0,225.898079,0.434244,DHCP_Spoofing
0,0,0.0,0.0,0.0,0.0,227.881821,1.983742,DHCP_Spoofing
0,0,0.0,0.0,0.0,0.0,227.889013,0.007192,DHCP_Spoofing
0,0,0.0,0.0,0.0,0.0,228.205867,0.316854,DHCP_Spoofing
2896691456,67372036,62.0,0.0,128.0,17.0,229.47482,1.268953,DHCP_Spoofing
0,0,0.0,0.0,0.0,0.0,230.328006,0.853186,DHCP_Spoofing
0,0,0.0,0.0,0.0,0.0,232.450327,2.122321,DHCP_Spoofing
0,0,0.0,0.0,0.0,0.0,233.475958,1.025631,DHCP_Spoofing
0,0,0.0,0.0,0.0,0.0,233.496698,0.02074,DHCP_Spoofing
0,0,0.0,0.0,0.0,0.0,234.601029,1.104331,DHCP_Spoofing
0,0,0.0,0.0,0.0,0.0,234.900966,0.299937,DHCP_Spoofing
0,0,0.0,0.0,0.0,0.0,236.692049,1.791083,DHCP_Spoofing
0,0,0.0,0.0,0.0,0.0,238.801229,2.10918,DHCP_Spoofing
0,0,0.0,0.0,0.0,0.0,240.93291,2.131681,DHCP_Spoofing
0,0,0.0,0.0,0.0,0.0,0.0,0.0,Normal_Traffic
0,0,0.0,0.0,0.0,0.0,0.004538,0.004538,Normal_Traffic
0,0,0.0,0.0,0.0,0.0,0.525547,0.521009,Normal_Traffic
0,0,0.0,0.0,0.0,0.0,2.660849,2.135302,Normal_Traffic
0,0,0.0,0.0,0.0,0.0,4.805137,2.144288,Normal_Traffic
0,0,0.0,0.0,0.0,0.0,6.902218,2.097081,Normal_Traffic
0,0,0.0,0.0,0.0,0.0,9.104983,2.202765,Normal_Traffic
0,0,0.0,0.0,0.0,0.0,11.392258,2.287275,Normal_Traffic
3232235778,3232235777,84.0,1.0,64.0,1.0,14.36941,2.977152,Normal_Traffic
3232235777,3232235778,84.0,1.0,255.0,1.0,14.383519,0.014109,Normal_Traffic
0,0,0.0,0.0,0.0,0.0,14.408244,0.024725,Normal_Traffic
3232235778,3232235777,84.0,1.0,64.0,1.0,16.367747,1.959503,Normal_Traffic
3232235777,3232235778,84.0,1.0,255.0,1.0,16.38067,0.012923,Normal_Traffic
3232235778,3232235779,84.0,1.0,64.0,1.0,16.382085,0.001415,Normal_Traffic
0,0,0.0,0.0,0.0,0.0,16.392022,0.009937,Normal_Traffic
0,0,0.0,0.0,0.0,0.0,16.392334,0.000312,Normal_Traffic
3232235779,3232235778,84.0,0.0,128.0,1.0,16.411826,0.019492,Normal_Traffic
0,0,0.0,0.0,0.0,0.0,16.581075,0.169249,Normal_Traffic
3232235778,3232235779,84.0,1.0,64.0,1.0,18.386086,1.805011,Normal_Traffic
3232235779,3232235778,84.0,0.0,128.0,1.0,18.39449,0.008404,Normal_Traffic
3232235778,3232235780,84.0,1.0,64.0,1.0,18.400726,0.006236,Normal_Traffic
3232235780,3232235778,84.0,0.0,64.0,1.0,18.416714,0.015988,Normal_Traffic
0,0,0.0,0.0,0.0,0.0,18.805864,0.38915,Normal_Traffic
3232235781,3232236031,229.0,0.0,128.0,17.0,19.694793,0.888929,Normal_Traffic
3232235778,3232235780,84.0,1.0,64.0,1.0,20.402307,0.707514,Normal_Traffic
3232235780,3232235778,84.0,0.0,64.0,1.0,20.423112,0.020805,Normal_Traffic
3232235778,3232235782,84.0,1.0,64.0,1.0,20.431502,0.00839,Normal_Traffic
3232235782,3232235778,84.0,0.0,64.0,1.0,20.45018,0.018678,Normal_Traffic
0,0,0.0,0.0,0.0,0.0,21.015648,0.565468,Normal_Traffic
3232235778,3232235782,84.0,1.0,64.0,1.0,22.430964,1.415316,Normal_Traffic
3232235782,3232235778,84.0,0.0,64.0,1.0,22.443112,0.012148,Normal_Traffic
3232235778,3232235781,84.0,1.0,64.0,1.0,22.444364,0.001252,Normal_Traffic
3232235781,3232235778,84.0,0.0,128.0,1.0,22.448654,0.00429,Normal_Traffic
0,0,0.0,0.0,0.0,0.0,23.211361,0.762707,Normal_Traffic
0,0,0.0,0.0,0.0,0.0,23.383587,0.172226,Normal_Traffic
0,0,0.0,0.0,0.0,0.0,23.393361,0.009774,Normal_Traffic
0,0,0.0,0.0,0.0,0.0,23.464149,0.070788,Normal_Traffic
0,0,0.0,0.0,0.0,0.0,23.525515,0.061366,Normal_Traffic
0,0,0.0,0.0,0.0,0.0,23.525884,0.000369,Normal_Traffic
3232235778,3232235781,84.0,1.0,64.0,1.0,24.445817,0.919933,Normal_Traffic
3232235781,3232235778,84.0,0.0,128.0,1.0,24.452365,0.006548,Normal_Traffic
3232235778,3232235779,84.0,1.0,64.0,1.0,24.461522,0.009157,Normal_Traffic
3232235779,3232235778,84.0,0.0,128.0,1.0,24.470495,0.008973,Normal_Traffic
0,0,0.0,0.0,0.0,0.0,25.3987,0.928205,Normal_Traffic
0,0,0.0,0.0,0.0,0.0,25.442418,0.043718,Normal_Traffic
0,0,0.0,0.0,0.0,0.0,25.442963,0.000545,Normal_Traffic
3232235779,3232236031,229.0,0.0,128.0,17.0,25.92214,0.479177,Normal_Traffic
3232235778,3232235779,84.0,1.0,64.0,1.0,26.46166,0.53952,Normal_Traffic
3232235779,3232235778,84.0,0.0,128.0,1.0,26.464124,0.002464,Normal_Traffic
3232235778,3232235781,84.0,1.0,64.0,1.0,26.465473,0.001349,Normal_Traffic
3232235781,3232235778,84.0,0.0,128.0,1.0,26.4746,0.009127,Normal_Traffic
0,0,0.0,0.0,0.0,0.0,27.128912,0.654312,Normal_Traffic
0,0,0.0,0.0,0.0,0.0,27.129296,0.000384,Normal_Traffic
0,0,0.0,0.0,0.0,0.0,27.590188,0.460892,Normal_Traffic
3232235778,3232235781,84.0,1.0,64.0,1.0,28.465835,0.875647,Normal_Traffic
3232235781,3232235778,84.0,0.0,128.0,1.0,28.477266,0.011431,Normal_Traffic
3232235778,3232235777,84.0,1.0,64.0,1.0,28.478846,0.00158,Normal_Traffic
3232235777,3232235778,84.0,1.0,255.0,1.0,28.497183,0.018337,Normal_Traffic
0,0,0.0,0.0,0.0,0.0,29.740014,1.242831,Normal_Traffic
3232235778,3232235777,84.0,1.0,64.0,1.0,30.478714,0.7387,Normal_Traffic
3232235777,3232235778,84.0,1.0,255.0,1.0,30.496987,0.018273,Normal_Traffic
3232235778,3232235780,84.0,1.0,64.0,1.0,30.500533,0.003546,Normal_Traffic
3232235780,3232235778,84.0,0.0,64.0,1.0,30.52274,0.022207,Normal_Traffic
0,0,0.0,0.0,0.0,0.0,31.934962,1.412222,Normal_Traffic
3232235778,3232235780,84.0,1.0,64.0,1.0,32.501774,0.566812,Normal_Traffic
3232235780,3232235778,84.0,0.0,64.0,1.0,32.511229,0.009455,Normal_Traffic
3232235778,3232235782,84.0,1.0,64.0,1.0,32.512729,0.0015,Normal_Traffic
3232235782,3232235778,84.0,0.0,64.0,1.0,32.53093,0.018201,Normal_Traffic
0,0,0.0,0.0,0.0,0.0,32.903664,0.372734,Normal_Traffic
0,0,0.0,0.0,0.0,0.0,32.91484,0.011176,Normal_Traffic
0,0,0.0,0.0,0.0,0.0,33.467367,0.552527,Normal_Traffic
0,0,0.0,0.0,0.0,0.0,33.472732,0.005365,Normal_Traffic
0,0,0.0,0.0,0.0,0.0,34.164544,0.691812,Normal_Traffic
3232235778,3232235782,84.0,1.0,64.0,1.0,34.513608,0.349064,Normal_Traffic
3232235782,3232235778,84.0,0.0,64.0,1.0,34.523879,0.010271,Normal_Traffic
0,0,0.0,0.0,0.0,0.0,36.316866,1.792987,Normal_Traffic
0,0,0.0,0.0,0.0,0.0,38.458706,2.14184,Normal_Traffic
3232235778,3232235782,84.0,1.0,64.0,1.0,38.547833,0.089127,Normal_Traffic
3232235782,3232235778,84.0,0.0,64.0,1.0,38.564396,0.016563,Normal_Traffic
3232235778,3232235782,84.0,1.0,64.0,1.0,40.549628,1.985232,Normal_Traffic
3232235782,3232235778,84.0,0.0,64.0,1.0,40.562324,0.012696,Normal_Traffic
3232235778,3232235779,84.0,1.0,64.0,1.0,40.564061,0.001737,Normal_Traffic
3232235779,3232235778,84.0,0.0,128.0,1.0,40.567526,0.003465,Normal_Traffic
0,0,0.0,0.0,0.0,0.0,40.642949,0.075423,Normal_Traffic
3232235778,3232235779,84.0,1.0,64.0,1.0,42.564025,1.921076,Normal_Traffic
3232235779,3232235778,84.0,0.0,128.0,1.0,42.569754,0.005729,Normal_Traffic
3232235778,3232235780,84.0,1.0,64.0,1.0,42.581458,0.011704,Normal_Traffic
3232235780,3232235778,84.0,0.0,64.0,1.0,42.602305,0.020847,Normal_Traffic
0,0,0.0,0.0,0.0,0.0,42.852987,0.250682,Normal_Traffic
3232235778,3232235780,84.0,1.0,64.0,1.0,44.583088,1.730101,Normal_Traffic
3232235780,3232235778,84.0,0.0,64.0,1.0,44.59729,0.014202,Normal_Traffic
3232235778,3232235777,84.0,1.0,64.0,1.0,44.598838,0.001548,Normal_Traffic
3232235777,3232235778,84.0,1.0,255.0,1.0,44.622248,0.02341,Normal_Traffic
0,0,0.0,0.0,0.0,0.0,44.990916,0.368668,Normal_Traffic
3232235778,3232235777,84.0,1.0,64.0,1.0,46.600329,1.609413,Normal_Traffic
3232235777,3232235778,84.0,1.0,255.0,1.0,46.620259,0.01993,Normal_Traffic
3232235778,3232235781,84.0,1.0,64.0,1.0,46.622483,0.002224,Normal_Traffic
3232235781,3232235778,84.0,0.0,128.0,1.0,46.628455,0.005972,Normal_Traffic
0,0,0.0,0.0,0.0,0.0,47.153609,0.525154,Normal_Traffic
3232235778,3232235781,84.0,1.0,64.0,1.0,48.62304,1.469431,Normal_Traffic
3232235781,3232235778,84.0,0.0,128.0,1.0,48.635631,0.012591,Normal_Traffic
3232235778,3232235781,84.0,1.0,64.0,1.0,48.655504,0.019873,Normal_Traffic
3232235781,3232235778,84.0,0.0,128.0,1.0,48.663956,0.008452,Normal_Traffic
0,0,0.0,0.0,0.0,0.0,49.288059,0.624103,Normal_Traffic
3232235778,3232235781,84.0,1.0,64.0,1.0,50.656487,1.368428,Normal_Traffic
3232235781,3232235778,84.0,0.0,128.0,1.0,50.660114,0.003627,Normal_Traffic
3232235778,3232235782,84.0,1.0,64.0,1.0,50.662405,0.002291,Normal_Traffic
3232235782,3232235778,84.0,0.0,64.0,1.0,50.686945,0.02454,Normal_Traffic
0,0,0.0,0.0,0.0,0.0,51.418134,0.731189,Normal_Traffic
3232235778,3232235782,84.0,1.0,64.0,1.0,52.662938,1.244804,Normal_Traffic
3232235782,3232235778,84.0,0.0,64.0,1.0,52.672141,0.009203,Normal_Traffic
3232235778,3232235777,84.0,1.0,64.0,1.0,52.673681,0.00154,Normal_Traffic
3232235777,3232235778,84.0,1.0,255.0,1.0,52.687742,0.014061,Normal_Traffic
0,0,0.0,0.0,0.0,0.0,53.576377,0.888635,Normal_Traffic
3232235778,3232235777,84.0,1.0,64.0,1.0,54.674129,1.097752,Normal_Traffic
3232235777,3232235778,84.0,1.0,255.0,1.0,54.694684,0.020555,Normal_Traffic
0,0,0.0,0.0,0.0,0.0,55.685988,0.991304,Normal_Traffic
3232235778,3232235780,84.0,1.0,64.0,1.0,56.69996,1.013972,Normal_Traffic
3232235780,3232235778,84.0,0.0,64.0,1.0,56.715588,0.015628,Normal_Traffic
0,0,0.0,0.0,0.0,0.0,57.864873,1.149285,Normal_Traffic
3232235778,3232235780,84.0,1.0,64.0,1.0,58.701208,0.836335,Normal_Traffic
3232235780,3232235778,84.0,0.0,64.0,1.0,58.714231,0.013023,Normal_Traffic
3232235778,3232235779,84.0,1.0,64.0,1.0,58.715466,0.001235,Normal_Traffic
3232235779,3232235778,84.0,0.0,128.0,1.0,58.724628,0.009162,Normal_Traffic
0,0,0.0,0.0,0.0,0.0,59.989124,1.264496,Normal_Traffic
3232235778,3232235779,84.0,1.0,64.0,1.0,60.715983,0.726859,Normal_Traffic
3232235779,3232235778,84.0,0.0,128.0,1.0,60.722554,0.006571,Normal_Traffic
3232235778,3232235777,84.0,1.0,64.0,1.0,60.725905,0.003351,Normal_Traffic
3232235777,3232235778,84.0,1.0,255.0,1.0,60.752786,0.026881,Normal_Traffic
0,0,0.0,0.0,0.0,0.0,62.121079,1.368293,Normal_Traffic
3232235778,3232235777,84.0,1.0,64.0,1.0,62.727391,0.606312,Normal_Traffic
3232235777,3232235778,84.0,1.0,255.0,1.0,62.741632,0.014241,Normal_Traffic
3232235778,3232235779,84.0,1.0,64.0,1.0,62.743292,0.00166,Normal_Traffic
3232235779,3232235778,84.0,0.0,128.0,1.0,62.746728,0.003436,Normal_Traffic
0,0,0.0,0.0,0.0,0.0,63.271012,0.524284,Normal_Traffic
0,0,0.0,0.0,0.0,0.0,63.271373,0.000361,Normal_Traffic
0,0,0.0,0.0,0.0,0.0,64.294148,1.022775,Normal_Traffic
0,0,0.0,0.0,0.0,0.0,64.666595,0.372447,Normal_Traffic
0,0,0.0,0.0,0.0,0.0,64.674792,0.008197,Normal_Traffic
3232235778,3232235779,84.0,1.0,64.0,1.0,64.744186,0.069394,Normal_Traffic
3232235779,3232235778,84.0,0.0,128.0,1.0,64.747662,0.003476,Normal_Traffic
3232235778,3232235782,84.0,1.0,64.0,1.0,64.749897,0.002235,Normal_Traffic
3232235782,3232235778,84.0,0.0,64.0,1.0,64.784155,0.034258,Normal_Traffic
0,0,0.0,0.0,0.0,0.0,66.52306,1.738905,Normal_Traffic
3232235778,3232235782,84.0,1.0,64.0,1.0,66.749884,0.226824,Normal_Traffic
3232235782,3232235778,84.0,0.0,64.0,1.0,66.760862,0.010978,Normal_Traffic
3232235778,3232235781,84.0,1.0,64.0,1.0,66.772783,0.011921,Normal_Traffic
3232235781,3232235778,84.0,0.0,128.0,1.0,66.785039,0.012256,Normal_Traffic
0,0,0.0,0.0,0.0,0.0,68.711114,1.926075,Normal_Traffic
3232235778,3232235781,84.0,1.0,64.0,1.0,68.773212,0.062098,Normal_Traffic
3232235781,3232235778,84.0,0.0,128.0,1.0,68.784042,0.01083,Normal_Traffic
0,0,0.0,0.0,0.0,0.0,69.768287,0.984245,Normal_Traffic
0,0,0.0,0.0,0.0,0.0,69.771632,0.003345,Normal_Traffic
3232235778,3232235780,84.0,1.0,64.0,1.0,70.786634,1.015002,Normal_Traffic
3232235780,3232235778,84.0,0.0,64.0,1.0,70.800907,0.014273,Normal_Traffic
0,0,0.0,0.0,0.0,0.0,70.892495,0.091588,Normal_Traffic
0,0,0.0,0.0,0.0,0.0,71.627858,0.735363,Normal_Traffic
0,0,0.0,0.0,0.0,0.0,71.632379,0.004521,Normal_Traffic
3232235778,3232235780,84.0,1.0,64.0,1.0,72.787054,1.154675,Normal_Traffic
3232235780,3232235778,84.0,0.0,64.0,1.0,72.791061,0.004007,Normal_Traffic
3232235778,3232235782,84.0,1.0,64.0,1.0,72.794002,0.002941,Normal_Traffic
3232235782,3232235778,84.0,0.0,64.0,1.0,72.815163,0.021161,Normal_Traffic
0,0,0.0,0.0,0.0,0.0,73.071244,0.256081,Normal_Traffic
3232235778,3232235782,84.0,1.0,64.0,1.0,74.794608,1.723364,Normal_Traffic
3232235782,3232235778,84.0,0.0,64.0,1.0,74.802556,0.007948,Normal_Traffic
3232235778,3232235779,84.0,1.0,64.0,1.0,74.803898,0.001342,Normal_Traffic
3232235779,3232235778,84.0,0.0,128.0,1.0,74.808793,0.004895,Normal_Traffic
0,0,0.0,0.0,0.0,0.0,75.178113,0.36932,Normal_Traffic
0,0,0.0,0.0,0.0,0.0,75.884152,0.706039,Normal_Traffic
0,0,0.0,0.0,0.0,0.0,75.946484,0.062332,Normal_Traffic
0,0,0.0,0.0,0.0,0.0,75.946924,0.00044,Normal_Traffic
3232235778,3232235779,84.0,1.0,64.0,1.0,76.805058,0.858134,Normal_Traffic
3232235779,3232235778,84.0,0.0,128.0,1.0,76.811557,0.006499,Normal_Traffic
0,0,0.0,0.0,0.0,0.0,77.352976,0.541419,Normal_Traffic
3232235778,3232235781,84.0,1.0,64.0,1.0,78.814352,1.461376,Normal_Traffic
3232235781,3232235778,84.0,0.0,128.0,1.0,78.824564,0.010212,Normal_Traffic
0,0,0.0,0.0,0.0,0.0,79.476644,0.65208,Normal_Traffic
3232235778,3232235781,84.0,1.0,64.0,1.0,80.815942,1.339298,Normal_Traffic
3232235781,3232235778,84.0,0.0,128.0,1.0,80.823478,0.007536,Normal_Traffic
3232235778,3232235780,84.0,1.0,64.0,1.0,80.825057,0.001579,Normal_Traffic
3232235780,3232235778,84.0,0.0,64.0,1.0,80.843939,0.018882,Normal_Traffic
0,0,0.0,0.0,0.0,0.0,81.612405,0.768466,Normal_Traffic
3232235778,3232235780,84.0,1.0,64.0,1.0,82.826511,1.214106,Normal_Traffic
3232235780,3232235778,84.0,0.0,64.0,1.0,82.83423,0.007719,Normal_Traffic
3232235778,3232235777,84.0,1.0,64.0,1.0,82.835657,0.001427,Normal_Traffic
3232235777,3232235778,84.0,1.0,255.0,1.0,82.85946,0.023803,Normal_Traffic
0,0,0.0,0.0,0.0,0.0,83.764982,0.905522,Normal_Traffic
0,0,0.0,0.0,0.0,0.0,84.135236,0.370254,Normal_Traffic
3232235778,3232235777,84.0,1.0,64.0,1.0,84.837202,0.701966,Normal_Traffic
3232235777,3232235778,84.0,1.0,255.0,1.0,84.853281,0.016079,Normal_Traffic
3232235778,3232235777,84.0,1.0,64.0,1.0,84.856359,0.003078,Normal_Traffic
3232235777,3232235778,84.0,1.0,255.0,1.0,84.871839,0.01548,Normal_Traffic
0,0,0.0,0.0,0.0,0.0,85.923081,1.051242,Normal_Traffic
3232235778,3232235777,84.0,1.0,64.0,1.0,86.858467,0.935386,Normal_Traffic
3232235777,3232235778,84.0,1.0,255.0,1.0,86.871958,0.013491,Normal_Traffic
3232235778,3232235780,84.0,1.0,64.0,1.0,86.87351,0.001552,Normal_Traffic
3232235780,3232235778,84.0,0.0,64.0,1.0,86.89685,0.02334,Normal_Traffic
0,0,0.0,0.0,0.0,0.0,88.06957,1.17272,Normal_Traffic
3232235778,3232235780,84.0,1.0,64.0,1.0,88.875151,0.805581,Normal_Traffic
3232235780,3232235778,84.0,0.0,64.0,1.0,88.881644,0.006493,Normal_Traffic
3232235778,3232235779,84.0,1.0,64.0,1.0,88.882831,0.001187,Normal_Traffic
3232235779,3232235778,84.0,0.0,128.0,1.0,88.899066,0.016235,Normal_Traffic
0,0,0.0,0.0,0.0,0.0,90.21821,1.319144,Normal_Traffic
3232235778,3232235779,84.0,1.0,64.0,1.0,90.882877,0.664667,Normal_Traffic
3232235779,3232235778,84.0,0.0,128.0,1.0,90.891345,0.008468,Normal_Traffic
3232235778,3232235781,84.0,1.0,64.0,1.0,90.898334,0.006989,Normal_Traffic
3232235781,3232235778,84.0,0.0,128.0,1.0,90.916213,0.017879,Normal_Traffic
0,0,0.0,0.0,0.0,0.0,92.364514,1.448301,Normal_Traffic
3232235778,3232235781,84.0,1.0,64.0,1.0,92.900742,0.536228,Normal_Traffic
3232235781,3232235778,84.0,0.0,128.0,1.0,92.912293,0.011551,Normal_Traffic
3232235778,3232235782,84.0,1.0,64.0,1.0,92.913922,0.001629,Normal_Traffic
3232235782,3232235778,84.0,0.0,64.0,1.0,92.931558,0.017636,Normal_Traffic
0,0,0.0,0.0,0.0,0.0,94.552999,1.621441,Normal_Traffic
3232235778,3232235782,84.0,1.0,64.0,1.0,94.916145,0.363146,Normal_Traffic
3232235782,3232235778,84.0,0.0,64.0,1.0,94.932712,0.016567,Normal_Traffic
0,0,0.0,0.0,0.0,0.0,96.526506,1.593794,Normal_Traffic
0,0,0.0,0.0,0.0,0.0,96.537698,0.011192,Normal_Traffic
0,0,0.0,0.0,0.0,0.0,96.814207,0.276509,Normal_Traffic
3232235778,3232235780,84.0,1.0,64.0,1.0,96.937687,0.12348,Normal_Traffic
3232235780,3232235778,84.0,0.0,64.0,1.0,96.951095,0.013408,Normal_Traffic
3232235778,3232235780,84.0,1.0,64.0,1.0,98.939677,1.988582,Normal_Traffic
3232235780,3232235778,84.0,0.0,64.0,1.0,98.947075,0.007398,Normal_Traffic
3232235778,3232235781,84.0,1.0,64.0,1.0,98.948433,0.001358,Normal_Traffic
3232235781,3232235778,84.0,0.0,128.0,1.0,98.957575,0.009142,Normal_Traffic
0,0,0.0,0.0,0.0,0.0,99.031496,0.073921,Normal_Traffic
3232235778,3232235781,84.0,1.0,64.0,1.0,100.949873,1.918377,Normal_Traffic
3232235781,3232235778,84.0,0.0,128.0,1.0,100.958723,0.00885,Normal_Traffic
0,0,0.0,0.0,0.0,0.0,101.194073,0.23535,Normal_Traffic
3232235778,3232235779,84.0,1.0,64.0,1.0,102.959005,1.764932,Normal_Traffic
3232235779,3232235778,84.0,0.0,128.0,1.0,102.975707,0.016702,Normal_Traffic
0,0,0.0,0.0,0.0,0.0,103.375984,0.400277,Normal_Traffic
3232235778,3232235779,84.0,1.0,64.0,1.0,104.96115,1.585166,Normal_Traffic
3232235779,3232235778,84.0,0.0,128.0,1.0,104.966144,0.004994,Normal_Traffic
3232235778,3232235777,84.0,1.0,64.0,1.0,104.967511,0.001367,Normal_Traffic
3232235777,3232235778,84.0,1.0,255.0,1.0,104.991144,0.023633,Normal_Traffic
0,0,0.0,0.0,0.0,0.0,105.514943,0.523799,Normal_Traffic
3232235778,3232235777,84.0,1.0,64.0,1.0,106.96999,1.455047,Normal_Traffic
3232235777,3232235778,84.0,1.0,255.0,1.0,106.981045,0.011055,Normal_Traffic
3232235778,3232235782,84.0,1.0,64.0,1.0,106.982503,0.001458,Normal_Traffic
3232235782,3232235778,84.0,0.0,64.0,1.0,106.991456,0.008953,Normal_Traffic
0,0,0.0,0.0,0.0,0.0,107.639961,0.648505,Normal_Traffic
0,0,0.0,0.0,0.0,0.0,107.770787,0.130826,Normal_Traffic
0,0,0.0,0.0,0.0,0.0,107.773979,0.003192,Normal_Traffic
3232235778,3232235782,84.0,1.0,64.0,1.0,108.984737,1.210758,Normal_Traffic
3232235782,3232235778,84.0,0.0,64.0,1.0,108.992718,0.007981,Normal_Traffic
3232235778,3232235782,84.0,1.0,64.0,1.0,108.998104,0.005386,Normal_Traffic
3232235782,3232235778,84.0,0.0,64.0,1.0,109.011632,0.013528,Normal_Traffic
0,0,0.0,0.0,0.0,0.0,109.804137,0.792505,Normal_Traffic
3232235778,3232235782,84.0,1.0,64.0,1.0,110.998031,1.193894,Normal_Traffic
3232235782,3232235778,84.0,0.0,64.0,1.0,111.008528,0.010497,Normal_Traffic
3232235778,3232235779,84.0,1.0,64.0,1.0,111.009979,0.001451,Normal_Traffic
3232235779,3232235778,84.0,0.0,128.0,1.0,111.013362,0.003383,Normal_Traffic
0,0,0.0,0.0,0.0,0.0,111.91675,0.903388,Normal_Traffic
0,0,0.0,0.0,0.0,0.0,111.996976,0.080226,Normal_Traffic
0,0,0.0,0.0,0.0,0.0,111.997299,0.000323,Normal_Traffic
3232235778,3232235779,84.0,1.0,64.0,1.0,113.012032,1.014733,Normal_Traffic
3232235779,3232235778,84.0,0.0,128.0,1.0,113.015008,0.002976,Normal_Traffic
3232235778,3232235777,84.0,1.0,64.0,1.0,113.018504,0.003496,Normal_Traffic
3232235777,3232235778,84.0,1.0,255.0,1.0,113.043954,0.02545,Normal_Traffic
0,0,0.0,0.0,0.0,0.0,114.090986,1.047032,Normal_Traffic
3232235778,3232235777,84.0,1.0,64.0,1.0,115.019118,0.928132,Normal_Traffic
3232235777,3232235778,84.0,1.0,255.0,1.0,115.034298,0.01518,Normal_Traffic
3232235778,3232235780,84.0,1.0,64.0,1.0,115.039749,0.005451,Normal_Traffic
3232235780,3232235778,84.0,0.0,64.0,1.0,115.065547,0.025798,Normal_Traffic
0,0,0.0,0.0,0.0,0.0,116.215082,1.149535,Normal_Traffic
3232235778,3232235780,84.0,1.0,64.0,1.0,117.041242,0.82616,Normal_Traffic
3232235780,3232235778,84.0,0.0,64.0,1.0,117.051476,0.010234,Normal_Traffic
3232235778,3232235781,84.0,1.0,64.0,1.0,117.052828,0.001352,Normal_Traffic
3232235781,3232235778,84.0,0.0,128.0,1.0,117.068214,0.015386,Normal_Traffic
0,0,0.0,0.0,0.0,0.0,118.418214,1.35,Normal_Traffic
3232235778,3232235781,84.0,1.0,64.0,1.0,119.054754,0.63654,Normal_Traffic
3232235781,3232235778,84.0,0.0,128.0,1.0,119.056851,0.002097,Normal_Traffic
3232235783,3232236031,237.0,0.0,128.0,17.0,119.542678,0.485827,Normal_Traffic
0,0,0.0,0.0,0.0,0.0,120.209961,0.667283,Normal_Traffic
0,0,0.0,0.0,0.0,0.0,120.210415,0.000454,Normal_Traffic
0,0,0.0,0.0,0.0,0.0,120.491229,0.280814,Normal_Traffic
3232235778,3232235782,84.0,1.0,64.0,1.0,121.060233,0.569004,Normal_Traffic
3232235782,3232235778,84.0,0.0,64.0,1.0,121.074807,0.014574,Normal_Traffic
0,0,0.0,0.0,0.0,0.0,121.629427,0.55462,Normal_Traffic
0,0,0.0,0.0,0.0,0.0,121.629962,0.000535,Normal_Traffic
0,0,0.0,0.0,0.0,0.0,122.584575,0.954613,Normal_Traffic
3232235778,3232235782,84.0,1.0,64.0,1.0,123.062281,0.477706,Normal_Traffic
3232235782,3232235778,84.0,0.0,64.0,1.0,123.067963,0.005682,Normal_Traffic
3232235778,3232235780,84.0,1.0,64.0,1.0,123.069341,0.001378,Normal_Traffic
3232235780,3232235778,84.0,0.0,64.0,1.0,123.071316,0.001975,Normal_Traffic
0,0,0.0,0.0,0.0,0.0,124.65229,1.580974,Normal_Traffic
3232235778,3232235780,84.0,1.0,64.0,1.0,125.071215,0.418925,Normal_Traffic
3232235780,3232235778,84.0,0.0,64.0,1.0,125.074501,0.003286,Normal_Traffic
3232235778,3232235779,84.0,1.0,64.0,1.0,125.075997,0.001496,Normal_Traffic
3232235779,3232235778,84.0,0.0,128.0,1.0,125.081546,0.005549,Normal_Traffic
0,0,0.0,0.0,0.0,0.0,126.766299,1.684753,Normal_Traffic
3232235778,3232235779,84.0,1.0,64.0,1.0,127.078378,0.312079,Normal_Traffic
3232235779,3232235778,84.0,0.0,128.0,1.0,127.087701,0.009323,Normal_Traffic
3232235778,3232235777,84.0,1.0,64.0,1.0,127.091136,0.003435,Normal_Traffic
3232235777,3232235778,84.0,1.0,255.0,1.0,127.110078,0.018942,Normal_Traffic
0,0,0.0,0.0,0.0,0.0,128.067263,0.957185,Normal_Traffic
0,0,0.0,0.0,0.0,0.0,128.070251,0.002988,Normal_Traffic
0,0,0.0,0.0,0.0,0.0,128.861826,0.791575,Normal_Traffic
3232235778,3232235777,84.0,1.0,64.0,1.0,129.093106,0.23128,Normal_Traffic
3232235777,3232235778,84.0,1.0,255.0,1.0,129.10479,0.011684,Normal_Traffic
3232235778,3232235781,84.0,1.0,64.0,1.0,129.106176,0.001386,Normal_Traffic
3232235781,3232235778,84.0,0.0,128.0,1.0,129.110264,0.004088,Normal_Traffic
0,0,0.0,0.0,0.0,0.0,130.943698,1.833434,Normal_Traffic
3232235778,3232235781,84.0,1.0,64.0,1.0,131.110283,0.166585,Normal_Traffic
3232235781,3232235778,84.0,0.0,128.0,1.0,131.117193,0.00691,Normal_Traffic
0,0,0.0,0.0,0.0,0.0,133.025113,1.90792,Normal_Traffic
3232235778,3232235779,84.0,1.0,64.0,1.0,133.120384,0.095271,Normal_Traffic
3232235779,3232235778,84.0,0.0,128.0,1.0,133.125975,0.005591,Normal_Traffic
0,0,0.0,0.0,0.0,0.0,134.726818,1.600843,Normal_Traffic
0,0,0.0,0.0,0.0,0.0,135.087101,0.360283,Normal_Traffic
3232235778,3232235779,84.0,1.0,64.0,1.0,135.12199,0.034889,Normal_Traffic
3232235779,3232235778,84.0,0.0,128.0,1.0,135.126034,0.004044,Normal_Traffic
3232235778,3232235781,84.0,1.0,64.0,1.0,135.127284,0.00125,Normal_Traffic
3232235781,3232235778,84.0,0.0,128.0,1.0,135.134365,0.007081,Normal_Traffic
3232235778,3232235781,84.0,1.0,64.0,1.0,137.131039,1.996674,Normal_Traffic
3232235781,3232235778,84.0,0.0,128.0,1.0,137.141494,0.010455,Normal_Traffic
3232235778,3232235777,84.0,1.0,64.0,1.0,137.142924,0.00143,Normal_Traffic
3232235777,3232235778,84.0,1.0,255.0,1.0,137.163569,0.020645,Normal_Traffic
0,0,0.0,0.0,0.0,0.0,137.246524,0.082955,Normal_Traffic
3232235778,3232235777,84.0,1.0,64.0,1.0,139.143445,1.896921,Normal_Traffic
3232235777,3232235778,84.0,1.0,255.0,1.0,139.161904,0.018459,Normal_Traffic
3232235778,3232235780,84.0,1.0,64.0,1.0,139.171682,0.009778,Normal_Traffic
3232235780,3232235778,84.0,0.0,64.0,1.0,139.178042,0.00636,Normal_Traffic
0,0,0.0,0.0,0.0,0.0,139.328953,0.150911,Normal_Traffic
3232235778,3232235780,84.0,1.0,64.0,1.0,141.174256,1.845303,Normal_Traffic
3232235780,3232235778,84.0,0.0,64.0,1.0,141.178514,0.004258,Normal_Traffic
0,0,0.0,0.0,0.0,0.0,141.386902,0.208388,Normal_Traffic
3232235778,3232235782,84.0,1.0,64.0,1.0,143.180452,1.79355,Normal_Traffic
3232235782,3232235778,84.0,0.0,64.0,1.0,143.186655,0.006203,Normal_Traffic
0,0,0.0,0.0,0.0,0.0,143.483109,0.296454,Normal_Traffic
3232235778,3232235782,84.0,1.0,64.0,1.0,145.182956,1.699847,Normal_Traffic
3232235782,3232235778,84.0,0.0,64.0,1.0,145.188283,0.005327,Normal_Traffic
0,0,0.0,0.0,0.0,0.0,145.559968,0.371685,Normal_Traffic
3232235778,3232235781,84.0,1.0,64.0,1.0,147.193878,1.63391,Normal_Traffic
3232235781,3232235778,84.0,0.0,128.0,1.0,147.198223,0.004345,Normal_Traffic
0,0,0.0,0.0,0.0,0.0,147.645297,0.447074,Normal_Traffic
3232235778,3232235781,84.0,1.0,64.0,1.0,149.196502,1.551205,Normal_Traffic
3232235781,3232235778,84.0,0.0,128.0,1.0,149.198961,0.002459,Normal_Traffic
3232235778,3232235782,84.0,1.0,64.0,1.0,149.200477,0.001516,Normal_Traffic
3232235782,3232235778,84.0,0.0,64.0,1.0,149.20641,0.005933,Normal_Traffic
0,0,0.0,0.0,0.0,0.0,149.712784,0.506374,Normal_Traffic
0,0,0.0,0.0,0.0,0.0,150.199496,0.486712,Normal_Traffic
0,0,0.0,0.0,0.0,0.0,150.199845,0.000349,Normal_Traffic
3232235778,3232235782,84.0,1.0,64.0,1.0,151.202715,1.00287,Normal_Traffic
3232235782,3232235778,84.0,0.0,64.0,1.0,151.208904,0.006189,Normal_Traffic
3232235778,3232235779,84.0,1.0,64.0,1.0,151.210253,0.001349,Normal_Traffic
3232235779,3232235778,84.0,0.0,128.0,1.0,151.213592,0.003339,Normal_Traffic
0,0,0.0,0.0,0.0,0.0,151.770348,0.556756,Normal_Traffic
3232235778,3232235779,84.0,1.0,64.0,1.0,153.213653,1.443305,Normal_Traffic
3232235779,3232235778,84.0,0.0,128.0,1.0,153.217368,0.003715,Normal_Traffic
3232235778,3232235780,84.0,1.0,64.0,1.0,153.218546,0.001178,Normal_Traffic
3232235780,3232235778,84.0,0.0,64.0,1.0,153.223418,0.004872,Normal_Traffic
0,0,0.0,0.0,0.0,0.0,153.871939,0.648521,Normal_Traffic
3232235778,3232235780,84.0,1.0,64.0,1.0,155.221295,1.349356,Normal_Traffic
3232235780,3232235778,84.0,0.0,64.0,1.0,155.224498,0.003203,Normal_Traffic
3232235778,3232235777,84.0,1.0,64.0,1.0,155.225843,0.001345,Normal_Traffic
3232235777,3232235778,84.0,1.0,255.0,1.0,155.24248,0.016637,Normal_Traffic
0,0,0.0,0.0,0.0,0.0,155.763528,0.521048,Normal_Traffic
0,0,0.0,0.0,0.0,0.0,155.763858,0.00033,Normal_Traffic
0,0,0.0,0.0,0.0,0.0,155.956115,0.192257,Normal_Traffic
3232235778,3232235777,84.0,1.0,64.0,1.0,157.228887,1.272772,Normal_Traffic
3232235777,3232235778,84.0,1.0,255.0,1.0,157.236995,0.008108,Normal_Traffic
0,0,0.0,0.0,0.0,0.0,158.053705,0.81671,Normal_Traffic
0,0,0.0,0.0,0.0,0.0,159.079455,1.02575,Normal_Traffic
0,0,0.0,0.0,0.0,0.0,159.08778,0.008325,Normal_Traffic
3232235778,3232235782,84.0,1.0,64.0,1.0,159.240234,0.152454,Normal_Traffic
3232235782,3232235778,84.0,0.0,64.0,1.0,159.260488,0.020254,Normal_Traffic
0,0,0.0,0.0,0.0,0.0,160.148322,0.887834,Normal_Traffic
3232235778,3232235782,84.0,1.0,64.0,1.0,161.243077,1.094755,Normal_Traffic
3232235782,3232235778,84.0,0.0,64.0,1.0,161.249157,0.00608,Normal_Traffic
3232235778,3232235777,84.0,1.0,64.0,1.0,161.250772,0.001615,Normal_Traffic
3232235777,3232235778,84.0,1.0,255.0,1.0,161.265466,0.014694,Normal_Traffic
0,0,0.0,0.0,0.0,0.0,162.259502,0.994036,Normal_Traffic
3232235778,3232235777,84.0,1.0,64.0,1.0,163.259128,0.999626,Normal_Traffic
3232235777,3232235778,84.0,1.0,255.0,1.0,163.274254,0.015126,Normal_Traffic
3232235778,3232235779,84.0,1.0,64.0,1.0,163.277205,0.002951,Normal_Traffic
3232235779,3232235778,84.0,0.0,128.0,1.0,163.283421,0.006216,Normal_Traffic
0,0,0.0,0.0,0.0,0.0,164.355112,1.071691,Normal_Traffic
3232235778,3232235779,84.0,1.0,64.0,1.0,165.279246,0.924134,Normal_Traffic
3232235779,3232235778,84.0,0.0,128.0,1.0,165.281459,0.002213,Normal_Traffic
3232235778,3232235780,84.0,1.0,64.0,1.0,165.283097,0.001638,Normal_Traffic
3232235780,3232235778,84.0,0.0,64.0,1.0,165.287754,0.004657,Normal_Traffic
0,0,0.0,0.0,0.0,0.0,166.419385,1.131631,Normal_Traffic
3232235778,3232235780,84.0,1.0,64.0,1.0,167.286617,0.867232,Normal_Traffic
3232235780,3232235778,84.0,0.0,64.0,1.0,167.293188,0.006571,Normal_Traffic
3232235778,3232235781,84.0,1.0,64.0,1.0,167.294517,0.001329,Normal_Traffic
3232235781,3232235778,84.0,0.0,128.0,1.0,167.299254,0.004737,Normal_Traffic
0,0,0.0,0.0,0.0,0.0,168.502873,1.203619,Normal_Traffic
3232235778,3232235781,84.0,1.0,64.0,1.0,169.296399,0.793526,Normal_Traffic
3232235781,3232235778,84.0,0.0,128.0,1.0,169.301674,0.005275,Normal_Traffic
3232235778,3232235779,84.0,1.0,64.0,1.0,169.306263,0.004589,Normal_Traffic
3232235779,3232235778,84.0,0.0,128.0,1.0,169.311194,0.004931,Normal_Traffic
0,0,0.0,0.0,0.0,0.0,170.358876,1.047682,Normal_Traffic
0,0,0.0,0.0,0.0,0.0,170.359274,0.000398,Normal_Traffic
0,0,0.0,0.0,0.0,0.0,170.584792,0.225518,Normal_Traffic
3232235778,3232235779,84.0,1.0,64.0,1.0,171.308927,0.724135,Normal_Traffic
3232235779,3232235778,84.0,0.0,128.0,1.0,171.31175,0.002823,Normal_Traffic
3232235778,3232235782,84.0,1.0,64.0,1.0,171.313062,0.001312,Normal_Traffic
3232235782,3232235778,84.0,0.0,64.0,1.0,171.321059,0.007997,Normal_Traffic
0,0,0.0,0.0,0.0,0.0,172.121213,0.800154,Normal_Traffic
0,0,0.0,0.0,0.0,0.0,172.121595,0.000382,Normal_Traffic
0,0,0.0,0.0,0.0,0.0,172.674775,0.55318,Normal_Traffic
3232235778,3232235782,84.0,1.0,64.0,1.0,173.31578,0.641005,Normal_Traffic
3232235782,3232235778,84.0,0.0,64.0,1.0,173.321807,0.006027,Normal_Traffic
3232235778,3232235781,84.0,1.0,64.0,1.0,173.323106,0.001299,Normal_Traffic
3232235781,3232235778,84.0,0.0,128.0,1.0,173.325603,0.002497,Normal_Traffic
0,0,0.0,0.0,0.0,0.0,174.740729,1.415126,Normal_Traffic
3232235778,3232235781,84.0,1.0,64.0,1.0,175.325902,0.585173,Normal_Traffic
3232235781,3232235778,84.0,0.0,128.0,1.0,175.333441,0.007539,Normal_Traffic
3232235778,3232235780,84.0,1.0,64.0,1.0,175.336133,0.002692,Normal_Traffic
3232235780,3232235778,84.0,0.0,64.0,1.0,175.340825,0.004692,Normal_Traffic
0,0,0.0,0.0,0.0,0.0,176.8311,1.490275,Normal_Traffic
3232235778,3232235780,84.0,1.0,64.0,1.0,177.338818,0.507718,Normal_Traffic
3232235780,3232235778,84.0,0.0,64.0,1.0,177.341874,0.003056,Normal_Traffic
0,0,0.0,0.0,0.0,0.0,178.928007,1.586133,Normal_Traffic
3232235778,3232235777,84.0,1.0,64.0,1.0,179.343258,0.415251,Normal_Traffic
3232235777,3232235778,84.0,1.0,255.0,1.0,179.3568,0.013542,Normal_Traffic
0,0,0.0,0.0,0.0,0.0,181.007685,1.650885,Normal_Traffic
3232235778,3232235777,84.0,1.0,64.0,1.0,181.345654,0.337969,Normal_Traffic
3232235777,3232235778,84.0,1.0,255.0,1.0,181.360412,0.014758,Normal_Traffic
3232235778,3232235781,84.0,1.0,64.0,1.0,181.365232,0.00482,Normal_Traffic
3232235781,3232235778,84.0,0.0,128.0,1.0,181.367912,0.00268,Normal_Traffic
0,0,0.0,0.0,0.0,0.0,183.090006,1.722094,Normal_Traffic
3232235778,3232235781,84.0,1.0,64.0,1.0,183.367852,0.277846,Normal_Traffic
3232235781,3232235778,84.0,0.0,128.0,1.0,183.371663,0.003811,Normal_Traffic
3232235778,3232235782,84.0,1.0,64.0,1.0,183.372955,0.001292,Normal_Traffic
3232235782,3232235778,84.0,0.0,64.0,1.0,183.381194,0.008239,Normal_Traffic
0,0,0.0,0.0,0.0,0.0,185.14661,1.765416,Normal_Traffic
3232235778,3232235782,84.0,1.0,64.0,1.0,185.375424,0.228814,Normal_Traffic
3232235782,3232235778,84.0,0.0,64.0,1.0,185.382582,0.007158,Normal_Traffic
0,0,0.0,0.0,0.0,0.0,187.221738,1.839156,Normal_Traffic
3232235778,3232235779,84.0,1.0,64.0,1.0,187.383616,0.161878,Normal_Traffic
3232235779,3232235778,84.0,0.0,128.0,1.0,187.387525,0.003909,Normal_Traffic
0,0,0.0,0.0,0.0,0.0,188.382877,0.995352,Normal_Traffic
0,0,0.0,0.0,0.0,0.0,188.383411,0.000534,Normal_Traffic
0,0,0.0,0.0,0.0,0.0,189.299529,0.916118,Normal_Traffic
3232235778,3232235779,84.0,1.0,64.0,1.0,189.385722,0.086193,Normal_Traffic
3232235779,3232235778,84.0,0.0,128.0,1.0,189.390108,0.004386,Normal_Traffic
3232235778,3232235777,84.0,1.0,64.0,1.0,189.391897,0.001789,Normal_Traffic
3232235777,3232235778,84.0,1.0,255.0,1.0,189.413376,0.021479,Normal_Traffic
0,0,0.0,0.0,0.0,0.0,190.058859,0.645483,Normal_Traffic
0,0,0.0,0.0,0.0,0.0,190.067628,0.008769,Normal_Traffic
3232235778,3232235777,84.0,1.0,64.0,1.0,191.394476,1.326848,Normal_Traffic
3232235777,3232235778,84.0,1.0,255.0,1.0,191.400356,0.00588,Normal_Traffic
3232235778,3232235780,84.0,1.0,64.0,1.0,191.401782,0.001426,Normal_Traffic
3232235780,3232235778,84.0,0.0,64.0,1.0,191.40418,0.002398,Normal_Traffic
0,0,0.0,0.0,0.0,0.0,191.418666,0.014486,Normal_Traffic
0,0,0.0,0.0,0.0,0.0,191.59838,0.179714,Normal_Traffic
3232235778,3232235780,84.0,1.0,64.0,1.0,193.404844,1.806464,Normal_Traffic
3232235780,3232235778,84.0,0.0,64.0,1.0,193.409863,0.005019,Normal_Traffic
3232235778,3232235780,84.0,1.0,64.0,1.0,193.413944,0.004081,Normal_Traffic
3232235780,3232235778,84.0,0.0,64.0,1.0,193.418112,0.004168,Normal_Traffic
0,0,0.0,0.0,0.0,0.0,193.537416,0.119304,Normal_Traffic
3232235778,3232235780,84.0,1.0,64.0,1.0,195.417645,1.880229,Normal_Traffic
3232235780,3232235778,84.0,0.0,64.0,1.0,195.421833,0.004188,Normal_Traffic
3232235778,3232235779,84.0,1.0,64.0,1.0,195.424208,0.002375,Normal_Traffic
3232235779,3232235778,84.0,0.0,128.0,1.0,195.430287,0.006079,Normal_Traffic
0,0,0.0,0.0,0.0,0.0,195.613236,0.182949,Normal_Traffic
0,0,0.0,0.0,0.0,0.0,195.875974,0.262738,Normal_Traffic
3232235778,3232235779,84.0,1.0,64.0,1.0,197.426796,1.550822,Normal_Traffic
3232235779,3232235778,84.0,0.0,128.0,1.0,197.430955,0.004159,Normal_Traffic
3232235778,3232235781,84.0,1.0,64.0,1.0,197.43228,0.001325,Normal_Traffic
3232235781,3232235778,84.0,0.0,128.0,1.0,197.438208,0.005928,Normal_Traffic
0,0,0.0,0.0,0.0,0.0,197.726406,0.288198,Normal_Traffic
3232235778,3232235781,84.0,1.0,64.0,1.0,199.436079,1.709673,Normal_Traffic
3232235781,3232235778,84.0,0.0,128.0,1.0,199.444224,0.008145,Normal_Traffic
3232235778,3232235782,84.0,1.0,64.0,1.0,199.446954,0.00273,Normal_Traffic
3232235782,3232235778,84.0,0.0,64.0,1.0,199.456512,0.009558,Normal_Traffic
0,0,0.0,0.0,0.0,0.0,199.79849,0.341978,Normal_Traffic
0,0,0.0,0.0,0.0,0.0,200.269375,0.470885,Normal_Traffic
0,0,0.0,0.0,0.0,0.0,200.269719,0.000344,Normal_Traffic
3232235778,3232235782,84.0,1.0,64.0,1.0,201.449879,1.18016,Normal_Traffic
3232235782,3232235778,84.0,0.0,64.0,1.0,201.455858,0.005979,Normal_Traffic
0,0,0.0,0.0,0.0,0.0,201.890848,0.43499,Normal_Traffic
3232235778,3232235777,84.0,1.0,64.0,1.0,203.45817,1.567322,Normal_Traffic
3232235777,3232235778,84.0,1.0,255.0,1.0,203.476261,0.018091,Normal_Traffic
0,0,0.0,0.0,0.0,0.0,203.987783,0.511522,Normal_Traffic
3232235778,3232235777,84.0,1.0,64.0,1.0,205.460648,1.472865,Normal_Traffic
3232235777,3232235778,84.0,1.0,255.0,1.0,205.46787,0.007222,Normal_Traffic
3232235778,3232235777,84.0,1.0,64.0,1.0,205.471302,0.003432,Normal_Traffic
3232235777,3232235778,84.0,1.0,255.0,1.0,205.47745,0.006148,Normal_Traffic
0,0,0.0,0.0,0.0,0.0,206.051098,0.573648,Normal_Traffic
3232235778,3232235777,84.0,1.0,64.0,1.0,207.473932,1.422834,Normal_Traffic
3232235777,3232235778,84.0,1.0,255.0,1.0,207.48812,0.014188,Normal_Traffic
3232235778,3232235779,84.0,1.0,64.0,1.0,207.48968,0.00156,Normal_Traffic
3232235779,3232235778,84.0,0.0,128.0,1.0,207.492814,0.003134,Normal_Traffic
0,0,0.0,0.0,0.0,0.0,208.182702,0.689888,Normal_Traffic
3232235778,3232235779,84.0,1.0,64.0,1.0,209.492164,1.309462,Normal_Traffic
3232235779,3232235778,84.0,0.0,128.0,1.0,209.495212,0.003048,Normal_Traffic
3232235778,3232235780,84.0,1.0,64.0,1.0,209.496499,0.001287,Normal_Traffic
3232235780,3232235778,84.0,0.0,64.0,1.0,209.50175,0.005251,Normal_Traffic
0,0,0.0,0.0,0.0,0.0,210.255412,0.753662,Normal_Traffic
3232235778,3232235780,84.0,1.0,64.0,1.0,211.498612,1.2432,Normal_Traffic
3232235780,3232235778,84.0,0.0,64.0,1.0,211.501755,0.003143,Normal_Traffic
3232235778,3232235782,84.0,1.0,64.0,1.0,211.509844,0.008089,Normal_Traffic
3232235782,3232235778,84.0,0.0,64.0,1.0,211.525406,0.015562,Normal_Traffic
0,0,0.0,0.0,0.0,0.0,212.374607,0.849201,Normal_Traffic
3232235778,3232235782,84.0,1.0,64.0,1.0,213.512438,1.137831,Normal_Traffic
3232235782,3232235778,84.0,0.0,64.0,1.0,213.518326,0.005888,Normal_Traffic
0,0,0.0,0.0,0.0,0.0,214.432336,0.91401,Normal_Traffic
0,0,0.0,0.0,0.0,0.0,214.637811,0.205475,Normal_Traffic
0,0,0.0,0.0,0.0,0.0,214.638192,0.000381,Normal_Traffic
3232235778,3232235781,84.0,1.0,64.0,1.0,215.519281,0.881089,Normal_Traffic
3232235781,3232235778,84.0,0.0,128.0,1.0,215.525831,0.00655,Normal_Traffic
0,0,0.0,0.0,0.0,0.0,216.507472,0.981641,Normal_Traffic
0,0,0.0,0.0,0.0,0.0,216.52001,0.012538,Normal_Traffic
0,0,0.0,0.0,0.0,0.0,216.520375,0.000365,Normal_Traffic
3232235778,3232235781,84.0,1.0,64.0,1.0,217.521681,1.001306,Normal_Traffic
3232235781,3232235778,84.0,0.0,128.0,1.0,217.524605,0.002924,Normal_Traffic
3232235778,3232235780,84.0,1.0,64.0,1.0,217.527981,0.003376,Normal_Traffic
3232235780,3232235778,84.0,0.0,64.0,1.0,217.533807,0.005826,Normal_Traffic
0,0,0.0,0.0,0.0,0.0,218.651485,1.117678,Normal_Traffic
3232235778,3232235780,84.0,1.0,64.0,1.0,219.530253,0.878768,Normal_Traffic
3232235780,3232235778,84.0,0.0,64.0,1.0,219.533174,0.002921,Normal_Traffic
3232235778,3232235777,84.0,1.0,64.0,1.0,219.534462,0.001288,Normal_Traffic
3232235777,3232235778,84.0,1.0,255.0,1.0,219.550604,0.016142,Normal_Traffic
0,0,0.0,0.0,0.0,0.0,220.130037,0.579433,Normal_Traffic
0,0,0.0,0.0,0.0,0.0,220.130405,0.000368,Normal_Traffic
0,0,0.0,0.0,0.0,0.0,220.75511,0.624705,Normal_Traffic
0,0,0.0,0.0,0.0,0.0,221.187408,0.432298,Normal_Traffic
0,0,0.0,0.0,0.0,0.0,221.191336,0.003928,Normal_Traffic
3232235778,3232235777,84.0,1.0,64.0,1.0,221.537308,0.345972,Normal_Traffic
3232235777,3232235778,84.0,1.0,255.0,1.0,221.551064,0.013756,Normal_Traffic
3232235778,3232235782,84.0,1.0,64.0,1.0,221.552529,0.001465,Normal_Traffic
3232235782,3232235778,84.0,0.0,64.0,1.0,221.557114,0.004585,Normal_Traffic
0,0,0.0,0.0,0.0,0.0,221.606872,0.049758,Normal_Traffic
0,0,0.0,0.0,0.0,0.0,222.891694,1.284822,Normal_Traffic
3232235778,3232235782,84.0,1.0,64.0,1.0,223.555247,0.663553,Normal_Traffic
3232235782,3232235778,84.0,0.0,64.0,1.0,223.563531,0.008284,Normal_Traffic
0,0,0.0,0.0,0.0,0.0,224.993106,1.429575,Normal_Traffic
3232235778,3232235781,84.0,1.0,64.0,1.0,225.567302,0.574196,Normal_Traffic
3232235781,3232235778,84.0,0.0,128.0,1.0,225.573338,0.006036,Normal_Traffic
0,0,0.0,0.0,0.0,0.0,227.076917,1.503579,Normal_Traffic
3232235778,3232235781,84.0,1.0,64.0,1.0,227.570284,0.493367,Normal_Traffic
3232235781,3232235778,84.0,0.0,128.0,1.0,227.573068,0.002784,Normal_Traffic
3232235778,3232235779,84.0,1.0,64.0,1.0,227.574357,0.001289,Normal_Traffic
3232235779,3232235778,84.0,0.0,128.0,1.0,227.579002,0.004645,Normal_Traffic
0,0,0.0,0.0,0.0,0.0,229.178027,1.599025,Normal_Traffic
3232235778,3232235779,84.0,1.0,64.0,1.0,229.57786,0.399833,Normal_Traffic
3232235779,3232235778,84.0,0.0,128.0,1.0,229.581281,0.003421,Normal_Traffic
0,0,0.0,0.0,0.0,0.0,231.236756,1.655475,Normal_Traffic
3232235778,3232235780,84.0,1.0,64.0,1.0,231.584936,0.34818,Normal_Traffic
3232235780,3232235778,84.0,0.0,64.0,1.0,231.5875,0.002564,Normal_Traffic
0,0,0.0,0.0,0.0,0.0,233.326746,1.739246,Normal_Traffic
3232235778,3232235780,84.0,1.0,64.0,1.0,233.586928,0.260182,Normal_Traffic
3232235780,3232235778,84.0,0.0,64.0,1.0,233.589374,0.002446,Normal_Traffic
3232235778,3232235779,84.0,1.0,64.0,1.0,233.590909,0.001535,Normal_Traffic
3232235779,3232235778,84.0,0.0,128.0,1.0,233.595198,0.004289,Normal_Traffic
0,0,0.0,0.0,0.0,0.0,235.393971,1.798773,Normal_Traffic
3232235778,3232235779,84.0,1.0,64.0,1.0,235.605734,0.211763,Normal_Traffic
3232235779,3232235778,84.0,0.0,128.0,1.0,235.615745,0.010011,Normal_Traffic
3232235778,3232235782,84.0,1.0,64.0,1.0,235.622313,0.006568,Normal_Traffic
3232235782,3232235778,84.0,0.0,64.0,1.0,235.635288,0.012975,Normal_Traffic
0,0,0.0,0.0,0.0,0.0,237.502279,1.866991,Normal_Traffic
3232235778,3232235782,84.0,1.0,64.0,1.0,237.631846,0.129567,Normal_Traffic
3232235782,3232235778,84.0,0.0,64.0,1.0,237.638842,0.006996,Normal_Traffic
3232235778,3232235777,84.0,1.0,64.0,1.0,237.640102,0.00126,Normal_Traffic
3232235777,3232235778,84.0,1.0,255.0,1.0,237.658505,0.018403,Normal_Traffic
0,0,0.0,0.0,0.0,0.0,239.572322,1.913817,Normal_Traffic
3232235778,3232235777,84.0,1.0,64.0,1.0,239.643325,0.071003,Normal_Traffic
3232235777,3232235778,84.0,1.0,255.0,1.0,239.660227,0.016902,Normal_Traffic
3232235778,3232235781,84.0,1.0,64.0,1.0,239.661772,0.001545,Normal_Traffic
3232235781,3232235778,84.0,0.0,128.0,1.0,239.664824,0.003052,Normal_Traffic
0,0,0.0,0.0,0.0,0.0,240.630247,0.965423,Normal_Traffic
0,0,0.0,0.0,0.0,0.0,240.630649,0.000402,Normal_Traffic
3232235780,3758096635,73.0,1.0,255.0,17.0,240.779978,0.149329,Normal_Traffic
3232235783,3232236031,229.0,0.0,128.0,17.0,241.35391,0.573932,Normal_Traffic
0,0,0.0,0.0,0.0,0.0,241.368943,0.015033,Normal_Traffic
3232235778,3232235781,84.0,1.0,64.0,1.0,241.664114,0.295171,Normal_Traffic
3232235781,3232235778,84.0,0.0,128.0,1.0,241.667851,0.003737,Normal_Traffic
3232235778,3232235782,84.0,1.0,64.0,1.0,241.671129,0.003278,Normal_Traffic
3232235782,3232235778,84.0,0.0,64.0,1.0,241.678283,0.007154,Normal_Traffic
0,0,0.0,0.0,0.0,0.0,241.694138,0.015855,Normal_Traffic
0,0,0.0,0.0,0.0,0.0,242.245899,0.551761,Normal_Traffic
0,0,0.0,0.0,0.0,0.0,243.119204,0.873305,Normal_Traffic
3232235778,3232235782,84.0,1.0,64.0,1.0,243.673871,0.554667,Normal_Traffic
3232235782,3232235778,84.0,0.0,64.0,1.0,243.679525,0.005654,Normal_Traffic
0,0,0.0,0.0,0.0,0.0,243.820755,0.14123,Normal_Traffic
0,0,0.0,0.0,0.0,0.0,243.994308,0.173553,Normal_Traffic
3232235779,3232236031,235.0,0.0,128.0,17.0,245.031221,1.036913,Normal_Traffic
3232235778,3232235779,84.0,1.0,64.0,1.0,245.681394,0.650173,Normal_Traffic
3232235779,3232235778,84.0,0.0,128.0,1.0,245.684473,0.003079,Normal_Traffic
0,0,0.0,0.0,0.0,0.0,245.922117,0.237644,Normal_Traffic
0,0,0.0,0.0,0.0,0.0,247.442233,1.520116,Normal_Traffic
3232235778,3232235779,84.0,1.0,64.0,1.0,247.68393,0.241697,Normal_Traffic
3232235779,3232235778,84.0,0.0,128.0,1.0,247.686104,0.002174,Normal_Traffic
3232235778,3232235777,84.0,1.0,64.0,1.0,247.687481,0.001377,Normal_Traffic
3232235777,3232235778,84.0,1.0,255.0,1.0,247.695063,0.007582,Normal_Traffic
0,0,0.0,0.0,0.0,0.0,248.060924,0.365861,Normal_Traffic
3232235778,3232235777,84.0,1.0,64.0,1.0,249.690723,1.629799,Normal_Traffic
3232235777,3232235778,84.0,1.0,255.0,1.0,249.702878,0.012155,Normal_Traffic
3232235778,3232235780,84.0,1.0,64.0,1.0,249.704834,0.001956,Normal_Traffic
3232235780,3232235778,84.0,0.0,64.0,1.0,249.707591,0.002757,Normal_Traffic
0,0,0.0,0.0,0.0,0.0,250.163322,0.455731,Normal_Traffic
0,0,0.0,0.0,0.0,0.0,250.269179,0.105857,Normal_Traffic
0,0,0.0,0.0,0.0,0.0,250.269557,0.000378,Normal_Traffic
3232235778,3232235780,84.0,1.0,64.0,1.0,251.707218,1.437661,Normal_Traffic
3232235780,3232235778,84.0,0.0,64.0,1.0,251.713958,0.00674,Normal_Traffic
3232235778,3232235781,84.0,1.0,64.0,1.0,251.715413,0.001455,Normal_Traffic
3232235781,3232235778,84.0,0.0,128.0,1.0,251.721528,0.006115,Normal_Traffic
0,0,0.0,0.0,0.0,0.0,252.276925,0.555397,Normal_Traffic
0,0,0.0,0.0,0.0,0.0,252.359029,0.082104,Normal_Traffic
0,0,0.0,0.0,0.0,0.0,252.362332,0.003303,Normal_Traffic
3232235778,3232235781,84.0,1.0,64.0,1.0,253.718657,1.356325,Normal_Traffic
3232235781,3232235778,84.0,0.0,128.0,1.0,253.722573,0.003916,Normal_Traffic
3232235778,3232235779,84.0,1.0,64.0,1.0,253.725817,0.003244,Normal_Traffic
3232235779,3232235778,84.0,0.0,128.0,1.0,253.730645,0.004828,Normal_Traffic
0,0,0.0,0.0,0.0,0.0,254.368573,0.637928,Normal_Traffic
3232235778,3232235779,84.0,1.0,64.0,1.0,255.728226,1.359653,Normal_Traffic
3232235779,3232235778,84.0,0.0,128.0,1.0,255.733914,0.005688,Normal_Traffic
3232235778,3232235777,84.0,1.0,64.0,1.0,255.735648,0.001734,Normal_Traffic
3232235777,3232235778,84.0,1.0,255.0,1.0,255.750196,0.014548,Normal_Traffic
0,0,0.0,0.0,0.0,0.0,256.464536,0.71434,Normal_Traffic
0,0,0.0,0.0,0.0,0.0,256.868294,0.403758,Normal_Traffic
0,0,0.0,0.0,0.0,0.0,256.868686,0.000392,Normal_Traffic
3232235778,3232235777,84.0,1.0,64.0,1.0,257.738663,0.869977,Normal_Traffic
3232235777,3232235778,84.0,1.0,255.0,1.0,257.746669,0.008006,Normal_Traffic
3232235778,3232235780,84.0,1.0,64.0,1.0,257.749137,0.002468,Normal_Traffic
3232235780,3232235778,84.0,0.0,64.0,1.0,257.755494,0.006357,Normal_Traffic
0,0,0.0,0.0,0.0,0.0,258.576457,0.820963,Normal_Traffic
0,0,0.0,0.0,0.0,0.0,258.627872,0.051415,Normal_Traffic
0,0,0.0,0.0,0.0,0.0,258.628271,0.000399,Normal_Traffic
