ip.src,ip.dst,ip.len,ip.flags.df,ip.flags.mf,ip.fragment,ip.fragment.count,ip.fragments,ip.ttl,ip.proto,tcp.window_size,tcp.ack,tcp.seq,tcp.len,tcp.stream,tcp.urgent_pointer,tcp.flags,tcp.analysis.ack_rtt,tcp.segments,tcp.reassembled.length,http.request,udp.port,frame.time_relative,frame.time_delta,tcp.time_relative,tcp.time_delta
,,,,,,,,,,,,,,,,,,,,,,"0.000000000","0.000000000",,
,,,,,,,,,,,,,,,,,,,,,,"0.754911000","0.754911000",,
,,,,,,,,,,,,,,,,,,,,,,"1.096345000","0.341434000",,
,,,,,,,,,,,,,,,,,,,,,,"1.106258000","0.009913000",,
,,,,,,,,,,,,,,,,,,,,,,"2.974673000","1.868415000",,
,,,,,,,,,,,,,,,,,,,,,,"5.143926000","2.169253000",,
,,,,,,,,,,,,,,,,,,,,,,"7.288484000","2.144558000",,
,,,,,,,,,,,,,,,,,,,,,,"9.398571000","2.110087000",,
,,,,,,,,,,,,,,,,,,,,,,"11.504242000","2.105671000",,
,,,,,,,,,,,,,,,,,,,,,,"13.631803000","2.127561000",,
,,,,,,,,,,,,,,,,,,,,,,"15.779491000","2.147688000",,
,,,,,,,,,,,,,,,,,,,,,,"18.008006000","2.228515000",,
,,,,,,,,,,,,,,,,,,,,,,"20.173604000","2.165598000",,
,,,,,,,,,,,,,,,,,,,,,,"22.264051000","2.090447000",,
,,,,,,,,,,,,,,,,,,,,,,"24.369031000","2.104980000",,
,,,,,,,,,,,,,,,,,,,,,,"26.489915000","2.120884000",,
,,,,,,,,,,,,,,,,,,,,,,"28.602223000","2.112308000",,
,,,,,,,,,,,,,,,,,,,,,,"30.723395000","2.121172000",,
,,,,,,,,,,,,,,,,,,,,,,"32.568134000","1.844739000",,
,,,,,,,,,,,,,,,,,,,,,,"32.579173000","0.011039000",,
,,,,,,,,,,,,,,,,,,,,,,"32.979152000","0.399979000",,
,,,,,,,,,,,,,,,,,,,,,,"35.094721000","2.115569000",,
,,,,,,,,,,,,,,,,,,,,,,"37.265240000","2.170519000",,
,,,,,,,,,,,,,,,,,,,,,,"39.385071000","2.119831000",,
,,,,,,,,,,,,,,,,,,,,,,"41.585833000","2.200762000",,
"172.168.1.0","192.168.1.3","328","0","0",,,,"128","17",,,,,,,,,,,,"68","41.752474000","0.166641000",,
,,,,,,,,,,,,,,,,,,,,,,"41.862436000","0.109962000",,
,,,,,,,,,,,,,,,,,,,,,,"41.875031000","0.012595000",,
,,,,,,,,,,,,,,,,,,,,,,"42.098401000","0.223370000",,
,,,,,,,,,,,,,,,,,,,,,,"42.120073000","0.021672000",,
,,,,,,,,,,,,,,,,,,,,,,"42.162263000","0.042190000",,
,,,,,,,,,,,,,,,,,,,,,,"42.168147000","0.005884000",,
,,,,,,,,,,,,,,,,,,,,,"5353","42.174538000","0.006391000",,
,,,,,,,,,,,,,,,,,,,,,"5353","42.178904000","0.004366000",,
,,,,,,,,,,,,,,,,,,,,,"54482","42.181415000","0.002511000",,
,,,,,,,,,,,,,,,,,,,,,,"42.328619000","0.147204000",,
,,,,,,,,,,,,,,,,,,,,,,"42.337127000","0.008508000",,
,,,,,,,,,,,,,,,,,,,,,,"42.621323000","0.284196000",,
,,,,,,,,,,,,,,,,,,,,,,"44.040273000","1.418950000",,
,,,,,,,,,,,,,,,,,,,,,,"46.223624000","2.183351000",,
,,,,,,,,,,,,,,,,,,,,,,"48.192072000","1.968448000",,
,,,,,,,,,,,,,,,,,,,,,,"48.202433000","0.010361000",,
"0.0.0.0","255.255.255.255","328","0","0",,,,"128","17",,,,,,,,,,,,"68","48.347338000","0.144905000",,
"192.168.1.1","192.168.1.2","328","0","0",,,,"255","17",,,,,,,,,,,,"67","48.383834000","0.036496000",,
"192.168.1.3","255.255.255.255","568","0","0",,,,"64","17",,,,,,,,,,,,"67","48.386710000","0.002876000",,
"0.0.0.0","255.255.255.255","348","0","0",,,,"128","17",,,,,,,,,,,,"68","48.390944000","0.004234000",,
"192.168.1.1","192.168.1.2","328","0","0",,,,"255","17",,,,,,,,,,,,"67","48.410051000","0.019107000",,
"192.168.1.1","255.255.255.255","568","0","0",,,,"64","17",,,,,,,,,,,,"67","48.417615000","0.007564000",,
,,,,,,,,,,,,,,,,,,,,,,"48.457848000","0.040233000",,
"192.168.1.2","224.0.0.22","40","0","0",,,,"1","2",,,,,,,,,,,,,"48.473519000","0.015671000",,
"192.168.1.2","192.168.1.255","96","0","0",,,,"128","17",,,,,,,,,,,,"137","48.502856000","0.029337000",,
,,,,,,,,,,,,,,,,,,,,,,"48.536099000","0.033243000",,
,,,,,,,,,,,,,,,,,,,,,,"48.563928000","0.027829000",,
,,,,,,,,,,,,,,,,,,,,,,"48.599951000","0.036023000",,
"192.168.1.2","224.0.0.22","40","0","0",,,,"1","2",,,,,,,,,,,,,"48.600652000","0.000701000",,
"192.168.1.2","192.168.1.255","96","0","0",,,,"128","17",,,,,,,,,,,,"137","48.610033000","0.009381000",,
"192.168.1.2","192.168.1.255","96","0","0",,,,"128","17",,,,,,,,,,,,"137","48.612099000","0.002066000",,
,,,,,,,,,,,,,,,,,,,,,,"48.620334000","0.008235000",,
,,,,,,,,,,,,,,,,,,,,,,"48.621334000","0.001000000",,
"192.168.1.2","224.0.0.22","48","0","0",,,,"1","2",,,,,,,,,,,,,"48.621499000","0.000165000",,
,,,,,,,,,,,,,,,,,,,,,,"48.621644000","0.000145000",,
,,,,,,,,,,,,,,,,,,,,,,"48.622631000","0.000987000",,
"192.168.1.2","224.0.0.22","40","0","0",,,,"1","2",,,,,,,,,,,,,"48.626777000","0.004146000",,
,,,,,,,,,,,,,,,,,,,,,,"48.642954000","0.016177000",,
"192.168.1.2","224.0.0.22","40","0","0",,,,"1","2",,,,,,,,,,,,,"48.646899000","0.003945000",,
,,,,,,,,,,,,,,,,,,,,,,"48.674899000","0.028000000",,
,,,,,,,,,,,,,,,,,,,,,,"48.693440000","0.018541000",,
,,,,,,,,,,,,,,,,,,,,,,"48.695836000","0.002396000",,
"192.168.1.2","224.0.0.22","40","0","0",,,,"1","2",,,,,,,,,,,,,"48.700158000","0.004322000",,
,,,,,,,,,,,,,,,,,,,,,,"48.703826000","0.003668000",,
"192.168.1.2","224.0.0.22","40","0","0",,,,"1","2",,,,,,,,,,,,,"48.705255000","0.001429000",,
,,,,,,,,,,,,,,,,,,,,,,"48.707592000","0.002337000",,
"192.168.1.2","224.0.0.22","40","0","0",,,,"1","2",,,,,,,,,,,,,"48.709180000","0.001588000",,
,,,,,,,,,,,,,,,,,,,,,,"48.768615000","0.059435000",,
"192.168.1.2","224.0.0.251","63","0","0",,,,"1","17",,,,,,,,,,,,"5353","48.801830000","0.033215000",,
"192.168.1.2","224.0.0.251","101","0","0",,,,"1","17",,,,,,,,,,,,"5353","48.802465000","0.000635000",,
,,,,,,,,,,,,,,,,,,,,,"5353","48.805016000","0.002551000",,
,,,,,,,,,,,,,,,,,,,,,"5353","48.808989000","0.003973000",,
,,,,,,,,,,,,,,,,,,,,,"60702","48.810210000","0.001221000",,
"192.168.1.2","224.0.0.252","57","0","0",,,,"1","17",,,,,,,,,,,,"60702","48.813025000","0.002815000",,
,,,,,,,,,,,,,,,,,,,,,,"48.857217000","0.044192000",,
"192.168.1.2","192.168.1.1","69","0","0",,,,"128","17",,,,,,,,,,,,"49459","48.929005000","0.071788000",,
"192.168.1.1","192.168.1.2","56","0","0",,,,"255","1",,,,,,,,,,,,"49459","48.948863000","0.019858000",,
"192.168.1.2","192.168.1.1","69","0","0",,,,"128","17",,,,,,,,,,,,"49459","48.997131000","0.048268000",,
"192.168.1.1","192.168.1.2","56","0","0",,,,"255","1",,,,,,,,,,,,"49459","49.016408000","0.019277000",,
"192.168.1.2","192.168.1.1","69","0","0",,,,"128","17",,,,,,,,,,,,"49459","49.030321000","0.013913000",,
"192.168.1.1","192.168.1.2","56","0","0",,,,"255","1",,,,,,,,,,,,"49459","49.046989000","0.016668000",,
"192.168.1.2","192.168.1.1","69","0","0",,,,"128","17",,,,,,,,,,,,"49459","49.053219000","0.006230000",,
"192.168.1.1","192.168.1.2","56","0","0",,,,"255","1",,,,,,,,,,,,"49459","49.075843000","0.022624000",,
"192.168.1.2","192.168.1.1","69","0","0",,,,"128","17",,,,,,,,,,,,"49459","49.096566000","0.020723000",,
"192.168.1.2","224.0.0.22","56","0","0",,,,"1","2",,,,,,,,,,,,,"49.103393000","0.006827000",,
,,,,,,,,,,,,,,,,,,,,,,"49.104610000","0.001217000",,
"192.168.1.1","192.168.1.2","56","0","0",,,,"255","1",,,,,,,,,,,,"49459","49.127357000","0.022747000",,
,,,,,,,,,,,,,,,,,,,,,,"49.132637000","0.005280000",,
,,,,,,,,,,,,,,,,,,,,,,"49.155721000","0.023084000",,
"192.168.1.2","192.168.1.1","62","0","0",,,,"128","17",,,,,,,,,,,,"56430","49.185625000","0.029904000",,
"192.168.1.1","192.168.1.2","56","0","0",,,,"255","1",,,,,,,,,,,,"56430","49.205188000","0.019563000",,
"192.168.1.2","192.168.1.1","62","0","0",,,,"128","17",,,,,,,,,,,,"56430","49.208646000","0.003458000",,
"192.168.1.1","192.168.1.2","56","0","0",,,,"255","1",,,,,,,,,,,,"56430","49.231326000","0.022680000",,
"192.168.1.2","192.168.1.1","62","0","0",,,,"128","17",,,,,,,,,,,,"56430","49.244149000","0.012823000",,
"192.168.1.1","192.168.1.2","56","0","0",,,,"255","1",,,,,,,,,,,,"56430","49.270812000","0.026663000",,
"192.168.1.2","192.168.1.1","62","0","0",,,,"128","17",,,,,,,,,,,,"56430","49.273293000","0.002481000",,
"192.168.1.2","192.168.1.255","96","0","0",,,,"128","17",,,,,,,,,,,,"137","49.275288000","0.001995000",,
"192.168.1.2","192.168.1.1","62","0","0",,,,"128","17",,,,,,,,,,,,"59000","49.292830000","0.017542000",,
"192.168.1.1","192.168.1.2","56","0","0",,,,"255","1",,,,,,,,,,,,"56430","49.303979000","0.011149000",,
"192.168.1.2","192.168.1.1","62","0","0",,,,"128","17",,,,,,,,,,,,"56430","49.315355000","0.011376000",,
"192.168.1.1","192.168.1.2","56","0","0",,,,"255","1",,,,,,,,,,,,"59000","49.337405000","0.022050000",,
"192.168.1.1","192.168.1.2","56","0","0",,,,"255","1",,,,,,,,,,,,"56430","49.339049000","0.001644000",,
,,,,,,,,,,,,,,,,,,,,,,"49.341726000","0.002677000",,
"192.168.1.2","192.168.1.255","96","0","0",,,,"128","17",,,,,,,,,,,,"137","49.354573000","0.012847000",,
"192.168.1.2","192.168.1.255","96","0","0",,,,"128","17",,,,,,,,,,,,"137","49.355274000","0.000701000",,
,,,,,,,,,,,,,,,,,,,,,,"49.375243000","0.019969000",,
"192.168.1.2","192.168.1.1","62","0","0",,,,"128","17",,,,,,,,,,,,"59000","49.375655000","0.000412000",,
"192.168.1.1","192.168.1.2","56","0","0",,,,"255","1",,,,,,,,,,,,"59000","49.400215000","0.024560000",,
"192.168.1.2","192.168.1.1","62","0","0",,,,"128","17",,,,,,,,,,,,"59000","49.424478000","0.024263000",,
"192.168.1.1","192.168.1.2","56","0","0",,,,"255","1",,,,,,,,,,,,"59000","49.450717000","0.026239000",,
"192.168.1.2","192.168.1.1","62","0","0",,,,"128","17",,,,,,,,,,,,"59000","49.470867000","0.020150000",,
"192.168.1.1","192.168.1.2","56","0","0",,,,"255","1",,,,,,,,,,,,"59000","49.491884000","0.021017000",,
,,,,,,,,,,,,,,,,,,,,,,"49.507480000","0.015596000",,
"192.168.1.2","192.168.1.1","62","0","0",,,,"128","17",,,,,,,,,,,,"59000","49.569098000","0.061618000",,
"192.168.1.1","192.168.1.2","56","0","0",,,,"255","1",,,,,,,,,,,,"59000","49.584132000","0.015034000",,
,,,,,,,,,,,,,,,,,,,,,,"49.604282000","0.020150000",,
"192.168.1.2","192.168.1.255","96","0","0",,,,"128","17",,,,,,,,,,,,"137","50.042028000","0.437746000",,
"192.168.1.2","192.168.1.255","96","0","0",,,,"128","17",,,,,,,,,,,,"137","50.134580000","0.092552000",,
"192.168.1.2","192.168.1.255","96","0","0",,,,"128","17",,,,,,,,,,,,"137","50.142287000","0.007707000",,
"192.168.1.2","192.168.1.1","77","0","0",,,,"128","17",,,,,,,,,,,,"61127","50.600411000","0.458124000",,
,,,,,,,,,,,,,,,,,,,,,,"50.611530000","0.011119000",,
"192.168.1.2","192.168.1.1","62","0","0",,,,"128","17",,,,,,,,,,,,"60600","50.624718000","0.013188000",,
"192.168.1.1","192.168.1.2","56","0","0",,,,"255","1",,,,,,,,,,,,"61127","50.627403000","0.002685000",,
"192.168.1.2","192.168.1.1","77","0","0",,,,"128","17",,,,,,,,,,,,"61127","50.627761000","0.000358000",,
"192.168.1.1","192.168.1.2","56","0","0",,,,"255","1",,,,,,,,,,,,"60600","50.658183000","0.030422000",,
"192.168.1.2","192.168.1.1","62","0","0",,,,"128","17",,,,,,,,,,,,"60600","50.658593000","0.000410000",,
"192.168.1.1","192.168.1.2","56","0","0",,,,"255","1",,,,,,,,,,,,"61127","50.660790000","0.002197000",,
"192.168.1.2","192.168.1.1","77","0","0",,,,"128","17",,,,,,,,,,,,"61127","50.661128000","0.000338000",,
"192.168.1.1","192.168.1.2","56","0","0",,,,"255","1",,,,,,,,,,,,"60600","50.676044000","0.014916000",,
"192.168.1.2","192.168.1.1","62","0","0",,,,"128","17",,,,,,,,,,,,"60600","50.676441000","0.000397000",,
"192.168.1.1","192.168.1.2","56","0","0",,,,"255","1",,,,,,,,,,,,"61127","50.678990000","0.002549000",,
"192.168.1.2","192.168.1.1","77","0","0",,,,"128","17",,,,,,,,,,,,"61127","50.679312000","0.000322000",,
"192.168.1.1","192.168.1.2","56","0","0",,,,"255","1",,,,,,,,,,,,"60600","50.694169000","0.014857000",,
"192.168.1.2","192.168.1.1","62","0","0",,,,"128","17",,,,,,,,,,,,"60600","50.694646000","0.000477000",,
"192.168.1.1","192.168.1.2","56","0","0",,,,"255","1",,,,,,,,,,,,"61127","50.706524000","0.011878000",,
"192.168.1.2","192.168.1.1","77","0","0",,,,"128","17",,,,,,,,,,,,"61127","50.706955000","0.000431000",,
"192.168.1.1","192.168.1.2","56","0","0",,,,"255","1",,,,,,,,,,,,"60600","50.708258000","0.001303000",,
"192.168.1.2","192.168.1.1","62","0","0",,,,"128","17",,,,,,,,,,,,"60600","50.708551000","0.000293000",,
"192.168.1.1","192.168.1.2","56","0","0",,,,"255","1",,,,,,,,,,,,"61127","50.721850000","0.013299000",,
"192.168.1.1","192.168.1.2","56","0","0",,,,"255","1",,,,,,,,,,,,"60600","50.728350000","0.006500000",,
"192.168.1.2","192.168.1.255","96","0","0",,,,"128","17",,,,,,,,,,,,"137","50.793548000","0.065198000",,
"192.168.1.2","192.168.1.255","96","0","0",,,,"128","17",,,,,,,,,,,,"137","50.900785000","0.107237000",,
"192.168.1.2","192.168.1.255","96","0","0",,,,"128","17",,,,,,,,,,,,"137","50.901417000","0.000632000",,
"192.168.1.2","192.168.1.1","77","0","0",,,,"128","17",,,,,,,,,,,,"56572","51.285704000","0.384287000",,
"192.168.1.2","239.255.255.250","165","0","0",,,,"4","17",,,,,,,,,,,"1","60705","51.294201000","0.008497000",,
"192.168.1.1","192.168.1.2","56","0","0",,,,"255","1",,,,,,,,,,,,"56572","51.307158000","0.012957000",,
"192.168.1.2","192.168.1.1","77","0","0",,,,"128","17",,,,,,,,,,,,"56572","51.307608000","0.000450000",,
"192.168.1.1","192.168.1.2","56","0","0",,,,"255","1",,,,,,,,,,,,"56572","51.328701000","0.021093000",,
"192.168.1.2","192.168.1.1","77","0","0",,,,"128","17",,,,,,,,,,,,"56572","51.329199000","0.000498000",,
"192.168.1.1","192.168.1.2","56","0","0",,,,"255","1",,,,,,,,,,,,"56572","51.359432000","0.030233000",,
"192.168.1.2","192.168.1.1","77","0","0",,,,"128","17",,,,,,,,,,,,"56572","51.359908000","0.000476000",,
"192.168.1.1","192.168.1.2","56","0","0",,,,"255","1",,,,,,,,,,,,"56572","51.373765000","0.013857000",,
"192.168.1.2","192.168.1.1","77","0","0",,,,"128","17",,,,,,,,,,,,"56572","51.374219000","0.000454000",,
"192.168.1.1","192.168.1.2","56","0","0",,,,"255","1",,,,,,,,,,,,"56572","51.387230000","0.013011000",,
,,,,,,,,,,,,,,,,,,,,,,"51.619682000","0.232452000",,
,,,,,,,,,,,,,,,,,,,,,,"52.010987000","0.391305000",,
"192.168.1.2","239.255.255.250","165","0","0",,,,"4","17",,,,,,,,,,,"1","60705","52.160836000","0.149849000",,
"192.168.1.2","239.255.255.250","165","0","0",,,,"4","17",,,,,,,,,,,"1","60705","52.200771000","0.039935000",,
"192.168.1.2","239.255.255.250","165","0","0",,,,"4","17",,,,,,,,,,,"1","60705","52.442348000","0.241577000",,
"192.168.1.2","192.168.1.1","62","0","0",,,,"128","17",,,,,,,,,,,,"58414","52.450211000","0.007863000",,
"192.168.1.1","192.168.1.2","56","0","0",,,,"255","1",,,,,,,,,,,,"58414","52.466805000","0.016594000",,
"192.168.1.2","192.168.1.1","62","0","0",,,,"128","17",,,,,,,,,,,,"58414","52.475554000","0.008749000",,
"192.168.1.1","192.168.1.2","56","0","0",,,,"255","1",,,,,,,,,,,,"58414","52.496089000","0.020535000",,
"192.168.1.2","192.168.1.1","62","0","0",,,,"128","17",,,,,,,,,,,,"58414","52.497533000","0.001444000",,
"192.168.1.1","192.168.1.2","56","0","0",,,,"255","1",,,,,,,,,,,,"58414","52.510516000","0.012983000",,
"192.168.1.2","192.168.1.1","62","0","0",,,,"128","17",,,,,,,,,,,,"58414","52.544372000","0.033856000",,
"192.168.1.1","192.168.1.2","56","0","0",,,,"255","1",,,,,,,,,,,,"58414","52.564686000","0.020314000",,
"192.168.1.2","192.168.1.1","62","0","0",,,,"128","17",,,,,,,,,,,,"58414","52.590506000","0.025820000",,
"192.168.1.1","192.168.1.2","56","0","0",,,,"255","1",,,,,,,,,,,,"58414","52.614851000","0.024345000",,
"192.168.1.2","192.168.1.1","62","0","0",,,,"128","17",,,,,,,,,,,,"60100","53.652564000","1.037713000",,
"192.168.1.1","192.168.1.2","56","0","0",,,,"255","1",,,,,,,,,,,,"60100","53.661150000","0.008586000",,
"192.168.1.2","192.168.1.1","62","0","0",,,,"128","17",,,,,,,,,,,,"60100","53.662044000","0.000894000",,
"192.168.1.1","192.168.1.2","56","0","0",,,,"255","1",,,,,,,,,,,,"60100","53.682935000","0.020891000",,
"192.168.1.2","192.168.1.1","62","0","0",,,,"128","17",,,,,,,,,,,,"60100","53.683387000","0.000452000",,
"192.168.1.1","192.168.1.2","56","0","0",,,,"255","1",,,,,,,,,,,,"60100","53.705191000","0.021804000",,
"192.168.1.2","192.168.1.1","62","0","0",,,,"128","17",,,,,,,,,,,,"60100","53.705707000","0.000516000",,
"192.168.1.1","192.168.1.2","56","0","0",,,,"255","1",,,,,,,,,,,,"60100","53.728032000","0.022325000",,
"192.168.1.2","192.168.1.1","62","0","0",,,,"128","17",,,,,,,,,,,,"60100","53.728505000","0.000473000",,
"192.168.1.1","192.168.1.2","56","0","0",,,,"255","1",,,,,,,,,,,,"60100","53.740619000","0.012114000",,
,,,,,,,,,,,,,,,,,,,,,,"54.423917000","0.683298000",,
"192.168.1.2","192.168.1.1","62","0","0",,,,"128","17",,,,,,,,,,,,"51343","54.745445000","0.321528000",,
"192.168.1.1","192.168.1.2","56","0","0",,,,"255","1",,,,,,,,,,,,"51343","54.762474000","0.017029000",,
"192.168.1.2","192.168.1.1","62","0","0",,,,"128","17",,,,,,,,,,,,"51343","54.762896000","0.000422000",,
"192.168.1.1","192.168.1.2","56","0","0",,,,"255","1",,,,,,,,,,,,"51343","54.782387000","0.019491000",,
"192.168.1.2","192.168.1.1","62","0","0",,,,"128","17",,,,,,,,,,,,"51343","54.782845000","0.000458000",,
"192.168.1.1","192.168.1.2","56","0","0",,,,"255","1",,,,,,,,,,,,"51343","54.804800000","0.021955000",,
"192.168.1.2","192.168.1.1","62","0","0",,,,"128","17",,,,,,,,,,,,"51343","54.805444000","0.000644000",,
"192.168.1.1","192.168.1.2","56","0","0",,,,"255","1",,,,,,,,,,,,"51343","54.824465000","0.019021000",,
"192.168.1.2","192.168.1.1","62","0","0",,,,"128","17",,,,,,,,,,,,"51343","54.824801000","0.000336000",,
"192.168.1.1","192.168.1.2","56","0","0",,,,"255","1",,,,,,,,,,,,"51343","54.845270000","0.020469000",,
,,,,,,,,,,,,,,,,,,,,,,"55.134679000","0.289409000",,
,,,,,,,,,,,,,,,,,,,,,,"55.163267000","0.028588000",,
"192.168.1.2","239.255.255.250","165","0","0",,,,"4","17",,,,,,,,,,,"1","60705","55.212877000","0.049610000",,
"192.168.1.2","239.255.255.250","165","0","0",,,,"4","17",,,,,,,,,,,"1","60705","55.243776000","0.030899000",,
"192.168.1.2","239.255.255.250","165","0","0",,,,"4","17",,,,,,,,,,,"1","60705","55.447532000","0.203756000",,
"192.168.1.2","192.168.1.1","62","0","0",,,,"128","17",,,,,,,,,,,,"56818","55.663593000","0.216061000",,
"192.168.1.1","192.168.1.2","56","0","0",,,,"255","1",,,,,,,,,,,,"56818","55.673589000","0.009996000",,
"192.168.1.2","192.168.1.1","62","0","0",,,,"128","17",,,,,,,,,,,,"56818","55.675758000","0.002169000",,
"192.168.1.1","192.168.1.2","56","0","0",,,,"255","1",,,,,,,,,,,,"56818","55.692018000","0.016260000",,
"192.168.1.2","192.168.1.1","62","0","0",,,,"128","17",,,,,,,,,,,,"56818","55.714718000","0.022700000",,
"192.168.1.1","192.168.1.2","56","0","0",,,,"255","1",,,,,,,,,,,,"56818","55.740230000","0.025512000",,
"192.168.1.2","192.168.1.1","62","0","0",,,,"128","17",,,,,,,,,,,,"56818","55.766221000","0.025991000",,
"192.168.1.1","192.168.1.2","56","0","0",,,,"255","1",,,,,,,,,,,,"56818","55.807794000","0.041573000",,
"192.168.1.2","192.168.1.1","62","0","0",,,,"128","17",,,,,,,,,,,,"56818","55.808303000","0.000509000",,
"192.168.1.1","192.168.1.2","56","0","0",,,,"255","1",,,,,,,,,,,,"56818","55.828661000","0.020358000",,
,,,,,,,,,,,,,,,,,,,,,,"56.815927000","0.987266000",,
"192.168.1.2","192.168.1.1","62","0","0",,,,"128","17",,,,,,,,,,,,"57795","56.839533000","0.023606000",,
"192.168.1.1","192.168.1.2","56","0","0",,,,"255","1",,,,,,,,,,,,"57795","56.855652000","0.016119000",,
"192.168.1.2","192.168.1.1","62","0","0",,,,"128","17",,,,,,,,,,,,"57795","56.856089000","0.000437000",,
"192.168.1.1","192.168.1.2","56","0","0",,,,"255","1",,,,,,,,,,,,"57795","56.872123000","0.016034000",,
"192.168.1.2","192.168.1.1","62","0","0",,,,"128","17",,,,,,,,,,,,"57795","56.872629000","0.000506000",,
"192.168.1.1","192.168.1.2","56","0","0",,,,"255","1",,,,,,,,,,,,"57795","56.893912000","0.021283000",,
"192.168.1.2","192.168.1.1","62","0","0",,,,"128","17",,,,,,,,,,,,"57795","57.023256000","0.129344000",,
"192.168.1.1","192.168.1.2","56","0","0",,,,"255","1",,,,,,,,,,,,"57795","57.048368000","0.025112000",,
"192.168.1.2","192.168.1.1","62","0","0",,,,"128","17",,,,,,,,,,,,"57795","57.063239000","0.014871000",,
"192.168.1.1","192.168.1.2","56","0","0",,,,"255","1",,,,,,,,,,,,"57795","57.079238000","0.015999000",,
"192.168.1.2","192.168.1.1","62","0","0",,,,"128","17",,,,,,,,,,,,"54734","58.078359000","0.999121000",,
"192.168.1.1","192.168.1.2","56","0","0",,,,"255","1",,,,,,,,,,,,"54734","58.108183000","0.029824000",,
"192.168.1.2","192.168.1.1","62","0","0",,,,"128","17",,,,,,,,,,,,"54734","58.136631000","0.028448000",,
"192.168.1.1","192.168.1.2","56","0","0",,,,"255","1",,,,,,,,,,,,"54734","58.149517000","0.012886000",,
"192.168.1.2","192.168.1.1","62","0","0",,,,"128","17",,,,,,,,,,,,"54734","58.191609000","0.042092000",,
"192.168.1.1","192.168.1.2","56","0","0",,,,"255","1",,,,,,,,,,,,"54734","58.207309000","0.015700000",,
"192.168.1.2","192.168.1.1","62","0","0",,,,"128","17",,,,,,,,,,,,"54734","58.207612000","0.000303000",,
"192.168.1.1","192.168.1.2","56","0","0",,,,"255","1",,,,,,,,,,,,"54734","58.231370000","0.023758000",,
"192.168.1.2","192.168.1.1","62","0","0",,,,"128","17",,,,,,,,,,,,"54734","58.231864000","0.000494000",,
"192.168.1.1","192.168.1.2","56","0","0",,,,"255","1",,,,,,,,,,,,"54734","58.245901000","0.014037000",,
"192.168.1.2","239.255.255.250","165","0","0",,,,"4","17",,,,,,,,,,,"1","60705","58.448378000","0.202477000",,
,,,,,,,,,,,,,,,,,,,,,,"59.187788000","0.739410000",,
"192.168.1.2","192.168.1.1","62","0","0",,,,"128","17",,,,,,,,,,,,"54242","59.248239000","0.060451000",,
"192.168.1.1","192.168.1.2","56","0","0",,,,"255","1",,,,,,,,,,,,"54242","59.263139000","0.014900000",,
"192.168.1.2","192.168.1.1","62","0","0",,,,"128","17",,,,,,,,,,,,"54242","59.263691000","0.000552000",,
"192.168.1.1","192.168.1.2","56","0","0",,,,"255","1",,,,,,,,,,,,"54242","59.276631000","0.012940000",,
"192.168.1.2","192.168.1.1","62","0","0",,,,"128","17",,,,,,,,,,,,"54242","59.277676000","0.001045000",,
"192.168.1.1","192.168.1.2","56","0","0",,,,"255","1",,,,,,,,,,,,"54242","59.301154000","0.023478000",,
"192.168.1.2","192.168.1.1","62","0","0",,,,"128","17",,,,,,,,,,,,"54242","59.301810000","0.000656000",,
"192.168.1.1","192.168.1.2","56","0","0",,,,"255","1",,,,,,,,,,,,"54242","59.315183000","0.013373000",,
"192.168.1.2","192.168.1.1","62","0","0",,,,"128","17",,,,,,,,,,,,"54242","59.315650000","0.000467000",,
"192.168.1.1","192.168.1.2","56","0","0",,,,"255","1",,,,,,,,,,,,"54242","59.339248000","0.023598000",,
"192.168.1.2","192.168.1.1","62","0","0",,,,"128","17",,,,,,,,,,,,"49795","60.344201000","1.004953000",,
"192.168.1.1","192.168.1.2","56","0","0",,,,"255","1",,,,,,,,,,,,"49795","60.357987000","0.013786000",,
"192.168.1.2","192.168.1.1","62","0","0",,,,"128","17",,,,,,,,,,,,"49795","60.358690000","0.000703000",,
"192.168.1.1","192.168.1.2","56","0","0",,,,"255","1",,,,,,,,,,,,"49795","60.374296000","0.015606000",,
"192.168.1.2","192.168.1.1","62","0","0",,,,"128","17",,,,,,,,,,,,"49795","60.374721000","0.000425000",,
"192.168.1.1","192.168.1.2","56","0","0",,,,"255","1",,,,,,,,,,,,"49795","60.394614000","0.019893000",,
"192.168.1.2","192.168.1.1","62","0","0",,,,"128","17",,,,,,,,,,,,"49795","60.395143000","0.000529000",,
"192.168.1.1","192.168.1.2","56","0","0",,,,"255","1",,,,,,,,,,,,"49795","60.411517000","0.016374000",,
"192.168.1.2","192.168.1.1","62","0","0",,,,"128","17",,,,,,,,,,,,"49795","60.411978000","0.000461000",,
"192.168.1.1","192.168.1.2","56","0","0",,,,"255","1",,,,,,,,,,,,"49795","60.435758000","0.023780000",,
,,,,,,,,,,,,,,,,,,,,,,"61.313435000","0.877677000",,
"192.168.1.2","192.168.1.1","62","0","0",,,,"128","17",,,,,,,,,,,,"62009","61.448944000","0.135509000",,
"192.168.1.1","192.168.1.2","56","0","0",,,,"255","1",,,,,,,,,,,,"62009","61.464701000","0.015757000",,
"192.168.1.2","192.168.1.1","62","0","0",,,,"128","17",,,,,,,,,,,,"62009","61.465084000","0.000383000",,
"192.168.1.1","192.168.1.2","56","0","0",,,,"255","1",,,,,,,,,,,,"62009","61.479747000","0.014663000",,
"192.168.1.2","192.168.1.1","62","0","0",,,,"128","17",,,,,,,,,,,,"62009","61.480147000","0.000400000",,
"192.168.1.1","192.168.1.2","56","0","0",,,,"255","1",,,,,,,,,,,,"62009","61.497415000","0.017268000",,
"192.168.1.2","192.168.1.1","62","0","0",,,,"128","17",,,,,,,,,,,,"62009","61.497843000","0.000428000",,
"192.168.1.1","192.168.1.2","56","0","0",,,,"255","1",,,,,,,,,,,,"62009","61.510529000","0.012686000",,
"192.168.1.2","192.168.1.1","62","0","0",,,,"128","17",,,,,,,,,,,,"62009","61.511286000","0.000757000",,
"192.168.1.1","192.168.1.2","56","0","0",,,,"255","1",,,,,,,,,,,,"62009","61.532617000","0.021331000",,
,,,,,,,,,,,,,,,,,,,,,,"61.560459000","0.027842000",,
"192.168.1.2","192.168.1.1","62","0","0",,,,"128","17",,,,,,,,,,,,"54557","62.543151000","0.982692000",,
"192.168.1.1","192.168.1.2","56","0","0",,,,"255","1",,,,,,,,,,,,"54557","62.553914000","0.010763000",,
"192.168.1.2","192.168.1.1","62","0","0",,,,"128","17",,,,,,,,,,,,"54557","62.554444000","0.000530000",,
"192.168.1.1","192.168.1.2","56","0","0",,,,"255","1",,,,,,,,,,,,"54557","62.566369000","0.011925000",,
"192.168.1.2","192.168.1.1","62","0","0",,,,"128","17",,,,,,,,,,,,"54557","62.566833000","0.000464000",,
"192.168.1.1","192.168.1.2","56","0","0",,,,"255","1",,,,,,,,,,,,"54557","62.585567000","0.018734000",,
"192.168.1.2","192.168.1.1","62","0","0",,,,"128","17",,,,,,,,,,,,"54557","62.586209000","0.000642000",,
"192.168.1.1","192.168.1.2","56","0","0",,,,"255","1",,,,,,,,,,,,"54557","62.613870000","0.027661000",,
"192.168.1.2","192.168.1.1","62","0","0",,,,"128","17",,,,,,,,,,,,"54557","62.615664000","0.001794000",,
"192.168.1.1","192.168.1.2","56","0","0",,,,"255","1",,,,,,,,,,,,"54557","62.637243000","0.021579000",,
"192.168.1.2","192.168.1.1","62","0","0",,,,"128","17",,,,,,,,,,,,"57348","63.660379000","1.023136000",,
"192.168.1.1","192.168.1.2","56","0","0",,,,"255","1",,,,,,,,,,,,"57348","63.674695000","0.014316000",,
"192.168.1.2","192.168.1.1","62","0","0",,,,"128","17",,,,,,,,,,,,"57348","63.675295000","0.000600000",,
"192.168.1.1","192.168.1.2","56","0","0",,,,"255","1",,,,,,,,,,,,"57348","63.690042000","0.014747000",,
"192.168.1.2","192.168.1.1","62","0","0",,,,"128","17",,,,,,,,,,,,"57348","63.690530000","0.000488000",,
"192.168.1.1","192.168.1.2","56","0","0",,,,"255","1",,,,,,,,,,,,"57348","63.704697000","0.014167000",,
"192.168.1.2","192.168.1.1","62","0","0",,,,"128","17",,,,,,,,,,,,"57348","63.705390000","0.000693000",,
"192.168.1.1","192.168.1.2","56","0","0",,,,"255","1",,,,,,,,,,,,"57348","63.718058000","0.012668000",,
"192.168.1.2","192.168.1.1","62","0","0",,,,"128","17",,,,,,,,,,,,"57348","63.718648000","0.000590000",,
"192.168.1.1","192.168.1.2","56","0","0",,,,"255","1",,,,,,,,,,,,"57348","63.739866000","0.021218000",,
,,,,,,,,,,,,,,,,,,,,,,"63.795433000","0.055567000",,
"192.168.1.2","192.168.1.1","62","0","0",,,,"128","17",,,,,,,,,,,,"57546","64.730624000","0.935191000",,
"192.168.1.1","192.168.1.2","56","0","0",,,,"255","1",,,,,,,,,,,,"57546","64.749364000","0.018740000",,
"192.168.1.2","192.168.1.1","62","0","0",,,,"128","17",,,,,,,,,,,,"57546","64.751729000","0.002365000",,
"192.168.1.1","192.168.1.2","56","0","0",,,,"255","1",,,,,,,,,,,,"57546","64.775293000","0.023564000",,
"192.168.1.2","192.168.1.1","62","0","0",,,,"128","17",,,,,,,,,,,,"57546","64.775756000","0.000463000",,
"192.168.1.1","192.168.1.2","56","0","0",,,,"255","1",,,,,,,,,,,,"57546","64.791118000","0.015362000",,
"192.168.1.2","192.168.1.1","62","0","0",,,,"128","17",,,,,,,,,,,,"57546","64.791504000","0.000386000",,
"192.168.1.1","192.168.1.2","56","0","0",,,,"255","1",,,,,,,,,,,,"57546","64.801131000","0.009627000",,
"192.168.1.2","192.168.1.1","62","0","0",,,,"128","17",,,,,,,,,,,,"57546","64.801524000","0.000393000",,
"192.168.1.1","192.168.1.2","56","0","0",,,,"255","1",,,,,,,,,,,,"57546","64.812146000","0.010622000",,
"192.168.1.2","192.168.1.1","62","0","0",,,,"128","17",,,,,,,,,,,,"58035","65.825734000","1.013588000",,
"192.168.1.1","192.168.1.2","56","0","0",,,,"255","1",,,,,,,,,,,,"58035","65.846132000","0.020398000",,
"192.168.1.2","192.168.1.1","62","0","0",,,,"128","17",,,,,,,,,,,,"58035","65.846827000","0.000695000",,
"192.168.1.1","192.168.1.2","56","0","0",,,,"255","1",,,,,,,,,,,,"58035","65.868800000","0.021973000",,
"192.168.1.2","192.168.1.1","62","0","0",,,,"128","17",,,,,,,,,,,,"58035","65.869243000","0.000443000",,
"192.168.1.1","192.168.1.2","56","0","0",,,,"255","1",,,,,,,,,,,,"58035","65.888422000","0.019179000",,
"192.168.1.2","192.168.1.1","62","0","0",,,,"128","17",,,,,,,,,,,,"58035","65.888888000","0.000466000",,
"192.168.1.1","192.168.1.2","56","0","0",,,,"255","1",,,,,,,,,,,,"58035","65.907315000","0.018427000",,
"192.168.1.2","192.168.1.1","62","0","0",,,,"128","17",,,,,,,,,,,,"58035","65.907747000","0.000432000",,
"192.168.1.1","192.168.1.2","56","0","0",,,,"255","1",,,,,,,,,,,,"58035","65.927276000","0.019529000",,
,,,,,,,,,,,,,,,,,,,,,,"66.059126000","0.131850000",,
,,,,,,,,,,,,,,,,,,,,,,"66.776314000","0.717188000",,
,,,,,,,,,,,,,,,,,,,,,,"66.783877000","0.007563000",,
,,,,,,,,,,,,,,,,,,,,,,"68.313696000","1.529819000",,
,,,,,,,,,,,,,,,,,,,,,,"70.456133000","2.142437000",,
,,,,,,,,,,,,,,,,,,,,,,"72.589572000","2.133439000",,
,,,,,,,,,,,,,,,,,,,,,,"74.696695000","2.107123000",,
,,,,,,,,,,,,,,,,,,,,,,"76.799298000","2.102603000",,
,,,,,,,,,,,,,,,,,,,,,,"78.949925000","2.150627000",,
,,,,,,,,,,,,,,,,,,,,,,"81.048839000","2.098914000",,
,,,,,,,,,,,,,,,,,,,,,,"83.181961000","2.133122000",,
,,,,,,,,,,,,,,,,,,,,,,"86.572249000","3.390288000",,
,,,,,,,,,,,,,,,,,,,,,,"88.693983000","2.121734000",,
,,,,,,,,,,,,,,,,,,,,,,"90.790956000","2.096973000",,
,,,,,,,,,,,,,,,,,,,,,,"92.934887000","2.143931000",,
,,,,,,,,,,,,,,,,,,,,,,"95.062782000","2.127895000",,
,,,,,,,,,,,,,,,,,,,,,,"97.163011000","2.100229000",,
"192.168.1.2","192.168.1.1","336","0","0",,,,"128","17",,,,,,,,,,,,"68","99.159805000","1.996794000",,
"192.168.1.1","192.168.1.2","328","0","0",,,,"255","17",,,,,,,,,,,,"67","99.177595000","0.017790000",,
,,,,,,,,,,,,,,,,,,,,,,"99.204440000","0.026845000",,
"192.168.1.2","224.0.0.22","40","0","0",,,,"1","2",,,,,,,,,,,,,"99.207495000","0.003055000",,
,,,,,,,,,,,,,,,,,,,,,,"99.221412000","0.013917000",,
"192.168.1.2","224.0.0.22","40","0","0",,,,"1","2",,,,,,,,,,,,,"99.226059000","0.004647000",,
"192.168.1.2","224.0.0.251","63","0","0",,,,"1","17",,,,,,,,,,,,"5353","99.232116000","0.006057000",,
"192.168.1.2","224.0.0.251","101","0","0",,,,"1","17",,,,,,,,,,,,"5353","99.234152000","0.002036000",,
,,,,,,,,,,,,,,,,,,,,,"5353","99.236037000","0.001885000",,
,,,,,,,,,,,,,,,,,,,,,"5353","99.237470000","0.001433000",,
,,,,,,,,,,,,,,,,,,,,,"55884","99.239209000","0.001739000",,
"192.168.1.2","224.0.0.252","57","0","0",,,,"1","17",,,,,,,,,,,,"55884","99.295731000","0.056522000",,
"192.168.1.2","239.255.255.250","165","0","0",,,,"4","17",,,,,,,,,,,"1","60705","99.332042000","0.036311000",,
,,,,,,,,,,,,,,,,,,,,,,"99.360408000","0.028366000",,
"192.168.1.2","224.0.0.22","40","0","0",,,,"1","2",,,,,,,,,,,,,"99.361211000","0.000803000",,
,,,,,,,,,,,,,,,,,,,,,,"99.364037000","0.002826000",,
"192.168.1.2","224.0.0.22","40","0","0",,,,"1","2",,,,,,,,,,,,,"99.364619000","0.000582000",,
"192.168.1.2","224.0.0.251","63","0","0",,,,"1","17",,,,,,,,,,,,"5353","99.368562000","0.003943000",,
"192.168.1.2","224.0.0.251","101","0","0",,,,"1","17",,,,,,,,,,,,"5353","99.371204000","0.002642000",,
,,,,,,,,,,,,,,,,,,,,,"5353","99.372084000","0.000880000",,
,,,,,,,,,,,,,,,,,,,,,"5353","99.373515000","0.001431000",,
"192.168.1.2","224.0.0.22","40","0","0",,,,"1","2",,,,,,,,,,,,,"99.412321000","0.038806000",,
,,,,,,,,,,,,,,,,,,,,,,"99.412344000","0.000023000",,
,,,,,,,,,,,,,,,,,,,,,,"99.613164000","0.200820000",,
,,,,,,,,,,,,,,,,,,,,,,"99.705405000","0.092241000",,
,,,,,,,,,,,,,,,,,,,,,,"99.714126000","0.008721000",,
,,,,,,,,,,,,,,,,,,,,,,"101.782884000","2.068758000",,
"192.168.1.2","239.255.255.250","165","0","0",,,,"4","17",,,,,,,,,,,"1","60705","102.335526000","0.552642000",,
,,,,,,,,,,,,,,,,,,,,,,"103.897953000","1.562427000",,
,,,,,,,,,,,,,,,,,,,,,,"103.918354000","0.020401000",,
,,,,,,,,,,,,,,,,,,,,,,"103.959080000","0.040726000",,
"192.168.1.2","239.255.255.250","165","0","0",,,,"4","17",,,,,,,,,,,"1","60705","105.351086000","1.392006000",,
,,,,,,,,,,,,,,,,,,,,,,"106.121390000","0.770304000",,
,,,,,,,,,,,,,,,,,,,,,,"108.259287000","2.137897000",,
"192.168.1.2","239.255.255.250","165","0","0",,,,"4","17",,,,,,,,,,,"1","60705","108.367419000","0.108132000",,
,,,,,,,,,,,,,,,,,,,,,,"110.393632000","2.026213000",,
"192.168.1.2","239.255.255.250","165","0","0",,,,"4","17",,,,,,,,,,,"1","60705","111.388848000","0.995216000",,
,,,,,,,,,,,,,,,,,,,,,,"112.534414000","1.145566000",,
"192.168.1.2","239.255.255.250","165","0","0",,,,"4","17",,,,,,,,,,,"1","60705","114.397739000","1.863325000",,
,,,,,,,,,,,,,,,,,,,,,,"114.669434000","0.271695000",,
,,,,,,,,,,,,,,,,,,,,,,"116.831535000","2.162101000",,
,,,,,,,,,,,,,,,,,,,,,,"118.985618000","2.154083000",,
,,,,,,,,,,,,,,,,,,,,,,"121.163406000","2.177788000",,
,,,,,,,,,,,,,,,,,,,,,,"123.282154000","2.118748000",,
,,,,,,,,,,,,,,,,,,,,,,"124.749717000","1.467563000",,
,,,,,,,,,,,,,,,,,,,,,,"125.380810000","0.631093000",,
,,,,,,,,,,,,,,,,,,,,,,"127.499111000","2.118301000",,
,,,,,,,,,,,,,,,,,,,,,,"129.629991000","2.130880000",,
,,,,,,,,,,,,,,,,,,,,,,"131.288901000","1.658910000",,
,,,,,,,,,,,,,,,,,,,,,,"131.297071000","0.008170000",,
,,,,,,,,,,,,,,,,,,,,,,"131.826590000","0.529519000",,
,,,,,,,,,,,,,,,,,,,,,,"133.935661000","2.109071000",,
,,,,,,,,,,,,,,,,,,,,,,"136.079475000","2.143814000",,
,,,,,,,,,,,,,,,,,,,,,,"138.229642000","2.150167000",,
,,,,,,,,,,,,,,,,,,,,,,"140.418226000","2.188584000",,
,,,,,,,,,,,,,,,,,,,,,,"142.617942000","2.199716000",,
,,,,,,,,,,,,,,,,,,,,,,"144.780907000","2.162965000",,
,,,,,,,,,,,,,,,,,,,,,,"146.937717000","2.156810000",,
"192.168.1.2","192.168.1.1","328","0","0",,,,"128","17",,,,,,,,,,,,"68","147.814766000","0.877049000",,
,,,,,,,,,,,,,,,,,,,,,,"147.944957000","0.130191000",,
,,,,,,,,,,,,,,,,,,,,,,"147.949336000","0.004379000",,
,,,,,,,,,,,,,,,,,,,,,,"148.017252000","0.067916000",,
,,,,,,,,,,,,,,,,,,,,,,"148.029869000","0.012617000",,
,,,,,,,,,,,,,,,,,,,,,"5353","148.173522000","0.143653000",,
,,,,,,,,,,,,,,,,,,,,,"5353","148.183299000","0.009777000",,
,,,,,,,,,,,,,,,,,,,,,"51781","148.186311000","0.003012000",,
,,,,,,,,,,,,,,,,,,,,,,"148.213862000","0.027551000",,
,,,,,,,,,,,,,,,,,,,,,,"148.216275000","0.002413000",,
,,,,,,,,,,,,,,,,,,,,,,"148.337435000","0.121160000",,
,,,,,,,,,,,,,,,,,,,,,,"148.342933000","0.005498000",,
,,,,,,,,,,,,,,,,,,,,,"5353","148.348161000","0.005228000",,
,,,,,,,,,,,,,,,,,,,,,"5353","148.381409000","0.033248000",,
,,,,,,,,,,,,,,,,,,,,,"60672","148.385224000","0.003815000",,
,,,,,,,,,,,,,,,,,,,,,,"148.398787000","0.013563000",,
,,,,,,,,,,,,,,,,,,,,,,"149.347545000","0.948758000",,
,,,,,,,,,,,,,,,,,,,,,,"151.588986000","2.241441000",,
,,,,,,,,,,,,,,,,,,,,,,"153.699073000","2.110087000",,
,,,,,,,,,,,,,,,,,,,,,,"153.954012000","0.254939000",,
,,,,,,,,,,,,,,,,,,,,,,"153.960897000","0.006885000",,
,,,,,,,,,,,,,,,,,,,,,,"154.396876000","0.435979000",,
,,,,,,,,,,,,,,,,,,,,,,"154.396909000","0.000033000",,
,,,,,,,,,,,,,,,,,,,,,,"155.396784000","0.999875000",,
,,,,,,,,,,,,,,,,,,,,,,"155.890782000","0.493998000",,
,,,,,,,,,,,,,,,,,,,,,,"156.396684000","0.505902000",,
,,,,,,,,,,,,,,,,,,,,,,"157.396551000","0.999867000",,
,,,,,,,,,,,,,,,,,,,,,,"157.431272000","0.034721000",,
"169.254.138.197","224.0.0.22","40","0","0",,,,"1","2",,,,,,,,,,,,,"157.434212000","0.002940000",,
,,,,,,,,,,,,,,,,,,,,,,"157.453337000","0.019125000",,
,,,,,,,,,,,,,,,,,,,,,,"157.454146000","0.000809000",,
"169.254.138.197","224.0.0.22","40","0","0",,,,"1","2",,,,,,,,,,,,,"157.455625000","0.001479000",,
,,,,,,,,,,,,,,,,,,,,,,"157.457678000","0.002053000",,
"169.254.138.197","224.0.0.22","40","0","0",,,,"1","2",,,,,,,,,,,,,"157.459761000","0.002083000",,
"169.254.138.197","169.254.255.255","96","0","0",,,,"128","17",,,,,,,,,,,,"137","157.482358000","0.022597000",,
"169.254.138.197","224.0.0.22","40","0","0",,,,"1","2",,,,,,,,,,,,,"157.514786000","0.032428000",,
"169.254.138.197","224.0.0.251","63","0","0",,,,"1","17",,,,,,,,,,,,"5353","157.516560000","0.001774000",,
,,,,,,,,,,,,,,,,,,,,,"5353","157.518694000","0.002134000",,
,,,,,,,,,,,,,,,,,,,,,"57967","157.523600000","0.004906000",,
"169.254.138.197","224.0.0.252","57","0","0",,,,"1","17",,,,,,,,,,,,"57967","157.524589000","0.000989000",,
"169.254.138.197","169.254.255.255","96","0","0",,,,"128","17",,,,,,,,,,,,"137","157.528382000","0.003793000",,
"169.254.138.197","169.254.255.255","96","0","0",,,,"128","17",,,,,,,,,,,,"137","157.532064000","0.003682000",,
,,,,,,,,,,,,,,,,,,,,,"5353","157.605954000","0.073890000",,
"169.254.138.197","224.0.0.251","101","0","0",,,,"1","17",,,,,,,,,,,,"5353","157.607651000","0.001697000",,
,,,,,,,,,,,,,,,,,,,,,,"157.623548000","0.015897000",,
,,,,,,,,,,,,,,,,,,,,,,"157.625444000","0.001896000",,
"169.254.138.197","224.0.0.22","40","0","0",,,,"1","2",,,,,,,,,,,,,"157.627751000","0.002307000",,
"169.254.138.197","224.0.0.22","56","0","0",,,,"1","2",,,,,,,,,,,,,"157.897381000","0.269630000",,
,,,,,,,,,,,,,,,,,,,,,,"157.897415000","0.000034000",,
"169.254.138.197","239.255.255.250","165","0","0",,,,"4","17",,,,,,,,,,,"1","57970","158.226912000","0.329497000",,
"169.254.138.197","169.254.255.255","96","0","0",,,,"128","17",,,,,,,,,,,,"137","158.271869000","0.044957000",,
,,,,,,,,,,,,,,,,,,,,,,"158.301497000","0.029628000",,
"169.254.138.197","169.254.255.255","96","0","0",,,,"128","17",,,,,,,,,,,,"137","158.303252000","0.001755000",,
"169.254.138.197","169.254.255.255","96","0","0",,,,"128","17",,,,,,,,,,,,"137","158.303272000","0.000020000",,
"169.254.138.197","169.254.255.255","96","0","0",,,,"128","17",,,,,,,,,,,,"137","159.021829000","0.718557000",,
"169.254.138.197","169.254.255.255","96","0","0",,,,"128","17",,,,,,,,,,,,"137","159.069254000","0.047425000",,
"169.254.138.197","169.254.255.255","96","0","0",,,,"128","17",,,,,,,,,,,,"137","159.069650000","0.000396000",,
"169.254.138.197","169.254.255.255","96","0","0",,,,"128","17",,,,,,,,,,,,"137","159.802877000","0.733227000",,
"169.254.138.197","169.254.255.255","96","0","0",,,,"128","17",,,,,,,,,,,,"137","159.881256000","0.078379000",,
"169.254.138.197","169.254.255.255","96","0","0",,,,"128","17",,,,,,,,,,,,"137","159.881298000","0.000042000",,
,,,,,,,,,,,,,,,,,,,,,,"160.514205000","0.632907000",,
"169.254.138.197","239.255.255.250","165","0","0",,,,"4","17",,,,,,,,,,,"1","57970","160.740715000","0.226510000",,
"169.254.138.197","239.255.255.250","165","0","0",,,,"4","17",,,,,,,,,,,"1","57970","160.772622000","0.031907000",,
"169.254.138.197","239.255.255.250","165","0","0",,,,"4","17",,,,,,,,,,,"1","57970","161.225334000","0.452712000",,
,,,,,,,,,,,,,,,,,,,,,,"162.620955000","1.395621000",,
,,,,,,,,,,,,,,,,,,,,,,"163.611005000","0.990050000",,
,,,,,,,,,,,,,,,,,,,,,,"163.620118000","0.009113000",,
"169.254.138.197","239.255.255.250","165","0","0",,,,"4","17",,,,,,,,,,,"1","57970","163.788381000","0.168263000",,
"169.254.138.197","239.255.255.250","165","0","0",,,,"4","17",,,,,,,,,,,"1","57970","163.818514000","0.030133000",,
"169.254.138.197","239.255.255.250","165","0","0",,,,"4","17",,,,,,,,,,,"1","57970","164.225740000","0.407226000",,
,,,,,,,,,,,,,,,,,,,,,,"164.835315000","0.609575000",,
,,,,,,,,,,,,,,,,,,,,,,"166.972624000","2.137309000",,
,,,,,,,,,,,,,,,,,,,,,,"169.101394000","2.128770000",,
,,,,,,,,,,,,,,,,,,,,,,"171.195695000","2.094301000",,
,,,,,,,,,,,,,,,,,,,,,,"173.307235000","2.111540000",,
,,,,,,,,,,,,,,,,,,,,,,"175.430004000","2.122769000",,
,,,,,,,,,,,,,,,,,,,,,,"177.525569000","2.095565000",,
,,,,,,,,,,,,,,,,,,,,,,"179.103590000","1.578021000",,
,,,,,,,,,,,,,,,,,,,,,,"179.640134000","0.536544000",,
,,,,,,,,,,,,,,,,,,,,,,"181.778062000","2.137928000",,
,,,,,,,,,,,,,,,,,,,,,,"183.899652000","2.121590000",,
"0.0.0.0","255.255.255.255","328","0","0",,,,"128","17",,,,,,,,,,,,"68","185.715976000","1.816324000",,
"192.168.1.1","192.168.1.2","56","0","0",,,,"255","1",,,,,,,,,,,,,"185.730235000","0.014259000",,
"192.168.1.3","255.255.255.255","568","0","0",,,,"64","17",,,,,,,,,,,,"67","185.733929000","0.003694000",,
"0.0.0.0","255.255.255.255","348","0","0",,,,"128","17",,,,,,,,,,,,"68","185.751018000","0.017089000",,
"192.168.1.3","255.255.255.255","568","0","0",,,,"64","17",,,,,,,,,,,,"67","185.770386000","0.019368000",,
,,,,,,,,,,,,,,,,,,,,,,"185.897393000","0.127007000",,
,,,,,,,,,,,,,,,,,,,,,,"185.941796000","0.044403000",,
"172.168.1.0","224.0.0.22","40","0","0",,,,"1","2",,,,,,,,,,,,,"185.958027000","0.016231000",,
,,,,,,,,,,,,,,,,,,,,,,"185.968609000","0.010582000",,
"172.168.1.0","224.0.0.22","40","0","0",,,,"1","2",,,,,,,,,,,,,"185.969958000","0.001349000",,
"172.168.1.0","172.168.1.255","96","0","0",,,,"128","17",,,,,,,,,,,,"137","185.993692000","0.023734000",,
,,,,,,,,,,,,,,,,,,,,,,"186.052582000","0.058890000",,
"172.168.1.0","224.0.0.22","40","0","0",,,,"1","2",,,,,,,,,,,,,"186.056398000","0.003816000",,
,,,,,,,,,,,,,,,,,,,,,,"186.057702000","0.001304000",,
"172.168.1.0","224.0.0.22","40","0","0",,,,"1","2",,,,,,,,,,,,,"186.058487000","0.000785000",,
"172.168.1.0","172.168.1.255","96","0","0",,,,"128","17",,,,,,,,,,,,"137","186.061225000","0.002738000",,
"172.168.1.0","172.168.1.255","96","0","0",,,,"128","17",,,,,,,,,,,,"137","186.064526000","0.003301000",,
"172.168.1.0","224.0.0.251","63","0","0",,,,"1","17",,,,,,,,,,,,"5353","186.107978000","0.043452000",,
,,,,,,,,,,,,,,,,,,,,,"5353","186.109130000","0.001152000",,
,,,,,,,,,,,,,,,,,,,,,"64596","186.112452000","0.003322000",,
"172.168.1.0","224.0.0.252","57","0","0",,,,"1","17",,,,,,,,,,,,"64596","186.113648000","0.001196000",,
,,,,,,,,,,,,,,,,,,,,,,"186.173833000","0.060185000",,
"172.168.1.0","224.0.0.22","40","0","0",,,,"1","2",,,,,,,,,,,,,"186.188197000","0.014364000",,
,,,,,,,,,,,,,,,,,,,,,,"186.198628000","0.010431000",,
,,,,,,,,,,,,,,,,,,,,,,"186.201825000","0.003197000",,
"172.168.1.0","224.0.0.22","40","0","0",,,,"1","2",,,,,,,,,,,,,"186.204712000","0.002887000",,
,,,,,,,,,,,,,,,,,,,,,,"186.205187000","0.000475000",,
,,,,,,,,,,,,,,,,,,,,,"5353","186.217842000","0.012655000",,
"172.168.1.0","224.0.0.251","101","0","0",,,,"1","17",,,,,,,,,,,,"5353","186.219232000","0.001390000",,
,,,,,,,,,,,,,,,,,,,,,,"186.227025000","0.007793000",,
,,,,,,,,,,,,,,,,,,,,,,"186.284865000","0.057840000",,
,,,,,,,,,,,,,,,,,,,,,,"186.320474000","0.035609000",,
"172.168.1.0","224.0.0.22","40","0","0",,,,"1","2",,,,,,,,,,,,,"186.322201000","0.001727000",,
,,,,,,,,,,,,,,,,,,,,,,"186.339004000","0.016803000",,
"172.168.1.0","224.0.0.22","40","0","0",,,,"1","2",,,,,,,,,,,,,"186.340171000","0.001167000",,
"172.168.1.0","239.255.255.250","165","0","0",,,,"4","17",,,,,,,,,,,"1","64599","186.344622000","0.004451000",,
"172.168.1.0","224.0.0.251","63","0","0",,,,"1","17",,,,,,,,,,,,"5353","186.366810000","0.022188000",,
"172.168.1.0","224.0.0.251","101","0","0",,,,"1","17",,,,,,,,,,,,"5353","186.369932000","0.003122000",,
,,,,,,,,,,,,,,,,,,,,,"5353","186.370528000","0.000596000",,
,,,,,,,,,,,,,,,,,,,,,"5353","186.371538000","0.001010000",,
,,,,,,,,,,,,,,,,,,,,,"58819","186.374377000","0.002839000",,
"172.168.1.0","224.0.0.252","57","0","0",,,,"1","17",,,,,,,,,,,,"58819","186.375133000","0.000756000",,
"172.168.1.0","224.0.0.22","56","0","0",,,,"1","2",,,,,,,,,,,,,"186.397270000","0.022137000",,
,,,,,,,,,,,,,,,,,,,,,,"186.397779000","0.000509000",,
,,,,,,,,,,,,,,,,,,,,,,"186.594309000","0.196530000",,
"172.168.1.0","4.4.4.4","69","0","0",,,,"128","17",,,,,,,,,,,,"49498","186.624947000","0.030638000",,
"172.168.1.0","239.255.255.250","165","0","0",,,,"4","17",,,,,,,,,,,"1","64599","186.628496000","0.003549000",,
"172.168.1.0","239.255.255.250","165","0","0",,,,"4","17",,,,,,,,,,,"1","64599","186.691622000","0.063126000",,
"172.168.1.0","172.168.1.255","96","0","0",,,,"128","17",,,,,,,,,,,,"137","186.742092000","0.050470000",,
"172.168.1.0","4.4.4.4","62","0","0",,,,"128","17",,,,,,,,,,,,"49417","186.773435000","0.031343000",,
"172.168.1.0","172.168.1.255","96","0","0",,,,"128","17",,,,,,,,,,,,"137","186.850351000","0.076916000",,
"172.168.1.0","172.168.1.255","96","0","0",,,,"128","17",,,,,,,,,,,,"137","186.852174000","0.001823000",,
,,,,,,,,,,,,,,,,,,,,,,"186.914448000","0.062274000",,
"192.168.1.1","192.168.1.2","56","0","0",,,,"255","1",,,,,,,,,,,,,"187.227596000","0.313148000",,
"172.168.1.0","172.168.1.255","96","0","0",,,,"128","17",,,,,,,,,,,,"137","187.494573000","0.266977000",,
"172.168.1.0","172.168.1.255","96","0","0",,,,"128","17",,,,,,,,,,,,"137","187.615627000","0.121054000",,
"172.168.1.0","172.168.1.255","96","0","0",,,,"128","17",,,,,,,,,,,,"137","187.621284000","0.005657000",,
"172.168.1.0","4.4.4.4","69","0","0",,,,"128","17",,,,,,,,,,,,"49498","187.678132000","0.056848000",,
"192.168.1.1","192.168.1.2","328","0","0",,,,"255","17",,,,,,,,,,,,"67","187.729941000","0.051809000",,
"172.168.1.0","4.4.4.4","62","0","0",,,,"128","17",,,,,,,,,,,,"49417","187.801631000","0.071690000",,
,,,,,,,,,,,,,,,,,,,,,,"187.897191000","0.095560000",,
"172.168.1.0","172.168.1.255","96","0","0",,,,"128","17",,,,,,,,,,,,"137","188.256343000","0.359152000",,
"172.168.1.0","172.168.1.255","96","0","0",,,,"128","17",,,,,,,,,,,,"137","188.366985000","0.110642000",,
"172.168.1.0","172.168.1.255","96","0","0",,,,"128","17",,,,,,,,,,,,"137","188.367382000","0.000397000",,
"172.168.1.0","4.4.4.4","69","0","0",,,,"128","17",,,,,,,,,,,,"49498","188.678931000","0.311549000",,
"172.168.1.0","4.4.4.4","62","0","0",,,,"128","17",,,,,,,,,,,,"49417","188.819366000","0.140435000",,
,,,,,,,,,,,,,,,,,,,,,,"188.896862000","0.077496000",,
,,,,,,,,,,,,,,,,,,,,,,"189.045560000","0.148698000",,
"172.168.1.0","4.4.4.4","70","0","0",,,,"128","17",,,,,,,,,,,,"50821","189.183566000","0.138006000",,
"172.168.1.0","239.255.255.250","165","0","0",,,,"4","17",,,,,,,,,,,"1","64599","189.362651000","0.179085000",,
"172.168.1.0","239.255.255.250","165","0","0",,,,"4","17",,,,,,,,,,,"1","64599","189.746511000","0.383860000",,
"172.168.1.0","239.255.255.250","165","0","0",,,,"4","17",,,,,,,,,,,"1","64599","189.828430000","0.081919000",,
"172.168.1.0","4.4.4.4","70","0","0",,,,"128","17",,,,,,,,,,,,"50821","190.220790000","0.392360000",,
"172.168.1.0","4.4.4.4","69","0","0",,,,"128","17",,,,,,,,,,,,"49498","190.693738000","0.472948000",,
"172.168.1.0","4.4.4.4","62","0","0",,,,"128","17",,,,,,,,,,,,"49417","190.834189000","0.140451000",,
"172.168.1.0","4.4.4.4","70","0","0",,,,"128","17",,,,,,,,,,,,"50821","191.240931000","0.406742000",,
,,,,,,,,,,,,,,,,,,,,,,"191.331916000","0.090985000",,
,,,,,,,,,,,,,,,,,,,,,,"191.429066000","0.097150000",,
,,,,,,,,,,,,,,,,,,,,,,"191.444411000","0.015345000",,
"172.168.1.0","239.255.255.250","165","0","0",,,,"4","17",,,,,,,,,,,"1","64599","192.395048000","0.950637000",,
"172.168.1.0","4.4.4.4","70","0","0",,,,"128","17",,,,,,,,,,,,"50821","193.241283000","0.846235000",,
,,,,,,,,,,,,,,,,,,,,,,"193.492969000","0.251686000",,
"172.168.1.0","4.4.4.4","69","0","0",,,,"128","17",,,,,,,,,,,,"49498","194.693764000","1.200795000",,
"172.168.1.0","4.4.4.4","62","0","0",,,,"128","17",,,,,,,,,,,,"49417","194.834572000","0.140808000",,
"172.168.1.0","239.255.255.250","165","0","0",,,,"4","17",,,,,,,,,,,"1","64599","195.413778000","0.579206000",,
,,,,,,,,,,,,,,,,,,,,,,"195.652873000","0.239095000",,
,,,,,,,,,,,,,,,,,,,,,,"196.082225000","0.429352000",,
,,,,,,,,,,,,,,,,,,,,,,"196.090506000","0.008281000",,
"172.168.1.0","172.168.1.255","229","0","0",,,,"128","17",,,,,,,,,,,,"138","196.178892000","0.088386000",,
"172.168.1.0","4.4.4.4","70","0","0",,,,"128","17",,,,,,,,,,,,"50821","197.256109000","1.077217000",,
,,,,,,,,,,,,,,,,,,,,,,"197.872447000","0.616338000",,
"172.168.1.0","239.255.255.250","165","0","0",,,,"4","17",,,,,,,,,,,"1","64599","198.412980000","0.540533000",,
,,,,,,,,,,,,,,,,,,,,,,"198.695611000","0.282631000",,
,,,,,,,,,,,,,,,,,,,,,,"198.710931000","0.015320000",,
"172.168.1.0","4.4.4.4","62","0","0",,,,"128","17",,,,,,,,,,,,"54412","198.711450000","0.000519000",,
"172.168.1.0","4.4.4.4","62","0","0",,,,"128","17",,,,,,,,,,,,"54297","198.850683000","0.139233000",,
"172.168.1.0","4.4.4.4","62","0","0",,,,"128","17",,,,,,,,,,,,"54412","199.694074000","0.843391000",,
"172.168.1.0","4.4.4.4","62","0","0",,,,"128","17",,,,,,,,,,,,"54297","199.850089000","0.156015000",,
"172.168.1.0","4.4.4.4","62","0","0",,,,"128","17",,,,,,,,,,,,"63213","199.856165000","0.006076000",,
,,,,,,,,,,,,,,,,,,,,,,"200.060902000","0.204737000",,
"172.168.1.0","4.4.4.4","62","0","0",,,,"128","17",,,,,,,,,,,,"54412","200.709474000","0.648572000",,
"172.168.1.0","4.4.4.4","62","0","0",,,,"128","17",,,,,,,,,,,,"63213","200.865586000","0.156112000",,
"172.168.1.0","4.4.4.4","62","0","0",,,,"128","17",,,,,,,,,,,,"54297","200.866065000","0.000479000",,
"172.168.1.0","4.4.4.4","70","0","0",,,,"128","17",,,,,,,,,,,,"57076","201.258320000","0.392255000",,
"172.168.1.0","239.255.255.250","165","0","0",,,,"4","17",,,,,,,,,,,"1","64599","201.428517000","0.170197000",,
"172.168.1.0","4.4.4.4","62","0","0",,,,"128","17",,,,,,,,,,,,"63213","201.865678000","0.437161000",,
,,,,,,,,,,,,,,,,,,,,,,"202.211628000","0.345950000",,
"172.168.1.0","4.4.4.4","70","0","0",,,,"128","17",,,,,,,,,,,,"57076","202.271687000","0.060059000",,
"172.168.1.0","4.4.4.4","62","0","0",,,,"128","17",,,,,,,,,,,,"54412","202.725416000","0.453729000",,
"172.168.1.0","4.4.4.4","62","0","0",,,,"128","17",,,,,,,,,,,,"54297","202.866126000","0.140710000",,
"172.168.1.0","4.4.4.4","70","0","0",,,,"128","17",,,,,,,,,,,,"57076","203.287605000","0.421479000",,
"172.168.1.0","4.4.4.4","62","0","0",,,,"128","17",,,,,,,,,,,,"63213","203.881442000","0.593837000",,
,,,,,,,,,,,,,,,,,,,,,,"204.355790000","0.474348000",,
"172.168.1.0","4.4.4.4","70","0","0",,,,"128","17",,,,,,,,,,,,"57076","205.302970000","0.947180000",,
,,,,,,,,,,,,,,,,,,,,,,"206.464442000","1.161472000",,
"172.168.1.0","4.4.4.4","62","0","0",,,,"128","17",,,,,,,,,,,,"54412","206.740668000","0.276226000",,
"172.168.1.0","4.4.4.4","62","0","0",,,,"128","17",,,,,,,,,,,,"54297","206.881371000","0.140703000",,
"172.168.1.0","4.4.4.4","62","0","0",,,,"128","17",,,,,,,,,,,,"63213","207.896875000","1.015504000",,
,,,,,,,,,,,,,,,,,,,,,,"208.590818000","0.693943000",,
"172.168.1.0","4.4.4.4","70","0","0",,,,"128","17",,,,,,,,,,,,"57076","209.305522000","0.714704000",,
,,,,,,,,,,,,,,,,,,,,,,"210.709697000","1.404175000",,
,,,,,,,,,,,,,,,,,,,,,,"210.742639000","0.032942000",,
,,,,,,,,,,,,,,,,,,,,,,"210.753439000","0.010800000",,
"172.168.1.0","4.4.4.4","62","0","0",,,,"128","17",,,,,,,,,,,,"49777","210.883882000","0.130443000",,
"172.168.1.0","4.4.4.4","62","0","0",,,,"128","17",,,,,,,,,,,,"49777","211.881869000","0.997987000",,
,,,,,,,,,,,,,,,,,,,,,,"212.862989000","0.981120000",,
"172.168.1.0","4.4.4.4","62","0","0",,,,"128","17",,,,,,,,,,,,"49777","212.896776000","0.033787000",,
"172.168.1.0","4.4.4.4","70","0","0",,,,"128","17",,,,,,,,,,,,"61042","213.313721000","0.416945000",,
"172.168.1.0","4.4.4.4","70","0","0",,,,"128","17",,,,,,,,,,,,"61042","214.396680000","1.082959000",,
"172.168.1.0","4.4.4.4","62","0","0",,,,"128","17",,,,,,,,,,,,"49777","214.938576000","0.541896000",,
,,,,,,,,,,,,,,,,,,,,,,"215.119168000","0.180592000",,
"172.168.1.0","4.4.4.4","70","0","0",,,,"128","17",,,,,,,,,,,,"61042","215.412305000","0.293137000",,
,,,,,,,,,,,,,,,,,,,,,,"217.253802000","1.841497000",,
"172.168.1.0","4.4.4.4","70","0","0",,,,"128","17",,,,,,,,,,,,"61042","217.412485000","0.158683000",,
"172.168.1.0","4.4.4.4","62","0","0",,,,"128","17",,,,,,,,,,,,"49777","218.943692000","1.531207000",,
,,,,,,,,,,,,,,,,,,,,,,"219.386833000","0.443141000",,
"172.168.1.0","4.4.4.4","70","0","0",,,,"128","17",,,,,,,,,,,,"61042","221.412939000","2.026106000",,
"172.168.1.0","4.4.4.4","62","0","0",,,,"128","17",,,,,,,,,,,,"54631","221.431037000","0.018098000",,
,,,,,,,,,,,,,,,,,,,,,,"221.528857000","0.097820000",,
"172.168.1.0","4.4.4.4","62","0","0",,,,"128","17",,,,,,,,,,,,"54631","222.444180000","0.915323000",,
"172.168.1.0","4.4.4.4","62","0","0",,,,"128","17",,,,,,,,,,,,"54631","223.448810000","1.004630000",,
,,,,,,,,,,,,,,,,,,,,,,"223.654353000","0.205543000",,
"172.168.1.0","4.4.4.4","62","0","0",,,,"128","17",,,,,,,,,,,,"54631","225.463835000","1.809482000",,
,,,,,,,,,,,,,,,,,,,,,,"225.898079000","0.434244000",,
,,,,,,,,,,,,,,,,,,,,,,"227.881821000","1.983742000",,
,,,,,,,,,,,,,,,,,,,,,,"227.889013000","0.007192000",,
,,,,,,,,,,,,,,,,,,,,,,"228.205867000","0.316854000",,
"172.168.1.0","4.4.4.4","62","0","0",,,,"128","17",,,,,,,,,,,,"54631","229.474820000","1.268953000",,
,,,,,,,,,,,,,,,,,,,,,,"230.328006000","0.853186000",,
,,,,,,,,,,,,,,,,,,,,,,"232.450327000","2.122321000",,
,,,,,,,,,,,,,,,,,,,,,,"233.475958000","1.025631000",,
,,,,,,,,,,,,,,,,,,,,,,"233.496698000","0.020740000",,
,,,,,,,,,,,,,,,,,,,,,,"234.601029000","1.104331000",,
,,,,,,,,,,,,,,,,,,,,,,"234.900966000","0.299937000",,
,,,,,,,,,,,,,,,,,,,,,,"236.692049000","1.791083000",,
,,,,,,,,,,,,,,,,,,,,,,"238.801229000","2.109180000",,
,,,,,,,,,,,,,,,,,,,,,,"240.932910000","2.131681000",,
